Nombre del Gimnasio,Zona / Municipio,Categoría,Link de Google Maps,Teléfono / WhatsApp,Instagram (@usuario),"Precio Mensual, semanal o diario (Ref.)",Planes ,Amenidades,Actividades,Horario (Resumen),Columna 12,imagenes ,,,,
Gold's Gym (Sede C.C. San Ignacio),Chacao.,Gimnasio Integral / Fitness Center.,https://share.google/vFv9RuNXETcFQWmYa,212-2642045,@goldsgymve,"80$ mensual, 215$ trimestral ",,"Sauna, Estacionamiento, Lockers, Asesoría nutricional, vestidores, Duchas","Cycling, Pilates, Yoga, TRX",Lun-Vie: 6:00 AM – 9:00 PM | Sáb: 8:00 AM – 4:00 PM | Dom: 8:00 AM – 1:00 PM.,4.3 / 5,"https://www.tendenciainternacional.com/wp-content/uploads/2024/11/040293.jpg  , https://www.goldsgym.com.ve/img/sede-sanignacio_01.jpg  ",,,,
Black Rock GYM,Las Mercedes (Baruta),Centro de Entrenamiento Híbrido,https://share.google/GFec5QHHO3YU1bgYE,412-8958723,@theblackrockgym,"15$ Diario, 30$ semanal","Estudiantil (90$+ 10$ inscripcion) , Familiar :  2 miembros (170$ + 50$ inscripcion) 3 miembros ( 260$ + 50$ inscripcion) y plan senior (90$ + 10$ inscripcion)","Sauna, Estacionamiento, Duchas , Lockers, Baby GYM, Muro de escaladas, Cafetería","Escalada, Cycling, CrossFit, Yoga, Pilates, Zumba",Lun-Vie: 6:00 AM – 9:00 PM | Sáb: 9:00 AM – 3:00 PM.,4.9 / 5,https://theblackrockgym.com/wp-content/uploads/2025/07/Screenshot-2025-07-22-at-1.46.15%E2%80%AFPM.jpeg ,,,,
Arabito Fitness Gym,Sabana Grande (Libertador).,Gimnasio de Musculación y Clases.,https://share.google/LR8DUx7X1gNfYASWB,412-6772434,@arabitofitness_gym,"5€ Diario, 20€ semanal, 330€ anual ","Estudiantil (20€) , tercera edad (20€) , genio (75€ incluye entrenador) , Arabito (38€) y matutino (27€)","Lockers, Seguridad",Entrenamiento Funcional,Lun-Vie: 6:00 AM – 10:30 PM | Sáb: 8:00 AM – 4:00 PM.,4.8 / 5,"https://encrypted-tbn0.gstatic.com/images?q=tbn:ANd9GcQA0O36fDxM5Rc2ZjuCV1BDbiJ1QVVZuUK7PA&s ,https://encrypted-tbn0.gstatic.com/images?q=tbn:ANd9GcSrfmFLSX4V57Dp2frxS0SNpSZ8kqXahQ8_Aw&s  ",,,,
Sweat Gym,Chacao.,Gimnasio de Entrenamiento Funcional y Musculación,https://maps.app.goo.gl/BeLfd8EZVe5eZpEX8,212-2652882,@sweatgymchacao,no respondio ,,"Duchas , vestidores","Entrenamiento Funcional, Levantamiento de pesas",Lun-Vie: 5:45 AM – 9:00 PM | Sáb: 9:00 AM – 4:00 PM.,4.5 / 5,"https://encrypted-tbn0.gstatic.com/images?q=tbn:ANd9GcR-ZX9XPWTq16icurYf-7UHYPOAsne5r5xVpQ&s , https://encrypted-tbn0.gstatic.com/images?q=tbn:ANd9GcTnnj3HTQ748d_TdAntLGgzpG_YQN8uTMYgaw&s   ",,,,
Gym Fitness Caracas,Los Palos Grandes (Chacao).,Gimnasio / Fitness Club.,https://maps.app.goo.gl/P8tkyRkboj528nCo8,212-2832422,@gymfitness_ccs,"10$ Diario, 30$ semanal, 70$ Mensual, 100$ 2 meses, 150$ 3 meses","Estudiantil (60$ hasta los 18 años) , Corporativo (50$ a partir de 10 personas) , tercera edad (60$ a partir de 60 años)","Duchas , vestidores, Sauna","Entrenamiento Funcional, Cycling, Musculación",Lun-Vie: 6:00 AM – 10:00 PM | Sáb: 6:00 AM – 3:00 PM.,4.6 / 5,https://encrypted-tbn0.gstatic.com/images?q=tbn:ANd9GcRkhaO8tsnHGBZ2pftBEBKRccqhKFoKebH5nQ&s,,,,
Rock and Rolls Fit (Sede C.C. Galerías Ávila),La Candelaria (Libertador).,Gimnasio Comercial de Gran Escala.,https://share.google/zWQPYcfjSxQqYbpEm,424-3731901,@rockandrollsfit,,"Plan basico (25$ entrenador y plan de alimentacion) , plan parking rock (35$ con estcionamiento, entrenador y plan de alimentacion)",Lockers,Musculación,Lun-Vie: 6:00 AM – 9:00 PM | Sáb-Dom: 9:00 AM – 3:00 PM.,4.1 / 5,"https://encrypted-tbn0.gstatic.com/images?q=tbn:ANd9GcTNkDhZ0wZEBusEdmzA3meTtVGj7Dd9zgSvJw&s , https://www.rockandrollsfit.com/wp-content/uploads/2025/03/sedes-catia.jpg ",,,,
Gimnasio Emporio,Av. Baralt (Libertador).,Gimnasio de Musculación y Disciplinas Varias,https://share.google/qRfPd0zITJgwhFL9b,No dice,@emporiogymoficial,"2$ Diario, 5$ semanal, 10$ 3 semanas, 20$ 2 meses, 40$ 4 meses y 100$ 1 Año ","Semanal (5$ entrenador) , mensual (20$ entrenador )",Entrenamiento personal,"Baile terapia, Zumba, Step",Lun-Vie: 6:00 AM – 10:00 PM (Jueves hasta las 11 PM) | Sáb: 8:00 AM – 1:00 PM.,4.3 / 5,no hay ,,,,
Focus Fitness,La Castellana,Fitness Center,https://maps.app.goo.gl/h9J1tbxVU325WwGU8,414-5991697,@focusfit.ve,"30$ 1 clase, 4 clases 100$, 8 clases 120$, 12 clases 160$","full 300$ , after office 180$",Entrenamiento personal,Musculación,7AM-8PM,4.5 / 5,"https://www.focusfitnessve.com/img/chacao-focus.webp , https://mmedia.notitarde.com.ve/19742/autor-notitarde--fiorella-alizo-42390.jpeg , https://encrypted-tbn0.gstatic.com/images?q=tbn:ANd9GcSfOpEZaDyLJmJtvuLqi93v6SKVE-aRog9Yfw&s ",,,,
BodyBox,La Castellana,Integral Fitness,https://maps.app.goo.gl/WxmbgUDrsytqeNr69,412-9270534,@bodybox__fitness,no respondio,,,Entrenamiento Funcional,6AM-8PM,4.2 / 5,https://bodyboxgym.com/assets/KYP_2168_1765962520678-9svSPD4b.jpg ,,,,
Image Gym,Chacao,Musculación,https://maps.app.goo.gl/r267dfJ3pbB6GFHN8,212-2677479,@imagegym,,"plan basico (45$ + 10$ de inscripcion), plan pareja ( 40$ + 10 inscripcion) , plan familiar + de 4pers ( 35$ + 10$ inscripcion), plan corporativo desde 8 pers ( 40$ sin inscripcion) plan 3era edad (30$ sin inscripcion)",Sauna,,5:30AM-9PM,4.2 / 5,"https://encrypted-tbn0.gstatic.com/images?q=tbn:ANd9GcTEb0jpA1vrulghwWc46ck10ESXsrpZ7ym_qg&s , ",,,,
Planet Fit,Altamira,Fitness,https://maps.app.goo.gl/bTeRLnF7CJZfxYez5,No dice,@planetfit_ve,"12$ dia, 27$ semanal,70$ mensual, 175$ trimestral, 480$ anual","estudiantil (36$ de 15 a 21 años), plan planet 60plus (50$ hombres y mujeres mayores de 60 años)",,Musculación,6AM-9PM,4.7 / 5,no hay ,,,,
Aura Fit Center,Chacao,Boutique,https://maps.app.goo.gl/DcF2485zEF3B4hmA6,424-1744015,@aurafitcenter,inactivo,,Cafetería,,7AM-7PM,4.5 / 5," https://encrypted-tbn0.gstatic.com/images?q=tbn:ANd9GcTT2OOfl17JiJIlEk55yXEDduU8IlAs14c80A&s , https://encrypted-tbn0.gstatic.com/images?q=tbn:ANd9GcQ_qPpb-VmpB4JS-H3shUIp35XSsb8E8iqJuw&s ",,,,
Nautilus Fitness Center,Las Mercedes (Baruta),Integral Fitness,https://maps.app.goo.gl/1WUeoSuKavAYZSZU6,212-9598384,@nautilusfitnesscenter,60$ mensual + 20$ inscripcion,,"Piscina, Sauna","Natación, Levantamiento de pesas",6:30AM-8PM,4.8 / 5, https://encrypted-tbn0.gstatic.com/images?q=tbn:ANd9GcQgpWcnxWOUp5thYFlcxZQa5W4sIOTtknR7fQ&s,,,,
Fitness Factory,Las Mercedes (Baruta),Funcional,https://maps.app.goo.gl/9YoQwGxvwGtmegdn8,414-1202121,@atcfitnessfactory,"10$ diario, 120$ mensual","estudiantil (100$), familiar: 3 miembros (110$ c/u) 4 miembros (100$ c/u)  5 miembros o mas (90$ c/u)",Terraza,Entrenamiento Funcional,6AM-9PM,4.7 / 5,"https://encrypted-tbn0.gstatic.com/images?q=tbn:ANd9GcQ2ZeMGjir-UuAAboIJCcy7QBBNOIP45_N6Hw&s , https://encrypted-tbn0.gstatic.com/images?q=tbn:ANd9GcRFXfjh7Bh-20kREibpIbIJNcrKmwXcSPOvOA&s , https://www.tendenciainternacional.com/wp-content/uploads/2024/11/040293.jpg ,  https://www.goldsgym.com.ve/img/sede-sanignacio_01.jpg ",,,,
The Teaser Pilates,Av. Jalisco,Pilates,https://share.google/Ghue4DF2WjhUFBkJM,No dice,@theteaserpilates,,"4 clases al mes (80$) , 8 clases al mes (100$) , 12 clases (120$) , 16 clases (160$) y 20 clases (200$)",,Pilates,7AM-7PM,4.8 / 5,"https://encrypted-tbn0.gstatic.com/images?q=tbn:ANd9GcSI3Gax3RRgnxrpG68eVwLl77prEIiLS3IdTA&s ,https://encrypted-tbn0.gstatic.com/images?q=tbn:ANd9GcT-20nfDEUK89Om4Pf0UMU32CBjrX8I2I4wqg&s ",,,,
Jân Pilates VIP,Santa Marta,Pilates,https://share.google/PrrlINq6yvD7Tderb,414 1237770,@janpilates,no respondieron,,,Pilates,8AM-6PM,4.9 / 5,https://encrypted-tbn0.gstatic.com/images?q=tbn:ANd9GcT1jtHt3Akj5Qe7wP5BnnCsVFoQq7UwvkfyCQ&s,,,,
Nia Pilates,Prados del Este,Bienestar,https://share.google/ZMyWicxJ4b5Huxnyt,424-2293871,@niapilates,"10$ inscripcion, clase diaria 35$, clase privada 60$. ","4 clases al mes (90), 8 clases al mes (130$), 12 clases al mes (170$), 16 clases al mes (200$), 20 clases al mes (220$)",Estacionamiento,,7AM-5PM,4.7 / 5,https://dooit-prod.s3.amazonaws.com/public/tenants/nialatrinidad/thumbnail_image.webp,,,,
ClubF24H,Bellas Artes,24 Horas,,,@clubf24h,"10 diario, 40 semanal, 105 mensual","clubf24h (140), estudiantil (70, validos hasta 18 años), tercera edad (50), Corporativo (60 p/p, minimo 10 personas), familiar (80 p/p, de 3 a 5 personas)","Duchas , Lockers","Cycling, Yoga",24H,4.2 / 5,https://encrypted-tbn0.gstatic.com/images?q=tbn:ANd9GcRLX13bDZEZ5Fb4dEyvQvfpuG_HtTbmdcpR9A&s,,,,
Daniels Center Fitness,Av. Urdaneta,Musculación,https://share.google/YIBY7ugF9QHlY6Km4,0414-2449001,@danielscenter,"10$ diario , 25$ general,  mañanas 20$, noches 20$"," Adultos mayores (18$), gubernamental (20$)",,,7AM-8PM,4.4 / 5,https://encrypted-tbn0.gstatic.com/images?q=tbn:ANd9GcSfhV9ubgLGwpdgSt_HoqM065jo-1O8GD86Tg&s,,,,
Gimnasio Amo,La Candelaria (Libertador).,Fitness,https://share.google/kwPkDeEX4s9SkNerp,212-5764618,@gimnasio_amo,Inactivo,,Entrenamiento personal,Cycling,7AM-9PM,4.1 / 5,https://encrypted-tbn0.gstatic.com/images?q=tbn:ANd9GcR6hIIgXWvffugFLThqvB1L3-ODHubOog3XpA&s,,,,
Activa Gym ,Los chaguaramos,Gimnasio de Entrenamiento Funcional y Musculación,"https://www.google.com/maps/place/Activa+Fit,+Edificio+Fundaci%C3%B3n+Fondo+Andr%C3%A9s+Bello+Casa+del+Profesor+UCV,+Avenida+Bellas+Artes,+Caracas+1041,+Distrito+Capital/@10.4876378,-66.888399,15z/data=!4m6!3m5!1s0x8c2a59007bb9dce5:0x8c6c5d86305484cf!8m2!3d10.4876378!4d-66.888399!16s%2Fg%2F11xfqd_y5f?hl=es&g_ep=Eg1tbF8yMDI2MDQxNV8wIOC7DCoASAJQAg%3D%3D",0414-2126532 ,@activafitve,"Diario 9$, semanal 19$, mensual 50$+ 5$ de inscripcion)",,"Estacionamiento, Entrenamiento personal, Lockers, Asesoría nutricional, Fisioterapia","Musculación, Levantamiento de pesas, Entrenamiento Funcional, CrossFit",5:30AM-10:30PM,5/5,https://encrypted-tbn0.gstatic.com/images?q=tbn:ANd9GcS6iTEz0I8ptI-Y1FhiarlpEgYtARYXbGWtSA&s,,,,
Balance,Las Mercedes (Baruta),Entrenamiento de fuerza,"https://www.google.com/maps/place/F4JR%2B76X+BALANCE,+C.+Nueva+York,+Caracas+1080,+Miranda/@10.4807406,-66.8954475,14z/data=!4m6!3m5!1s0x8c2a5900205d97c7:0xd140057d8b93cf66!8m2!3d10.4807406!4d-66.8593986!16s%2Fg%2F11yltzg3jz?g_ep=Eg1tbF8yMDI2MDQxNV8wIOC7DCoASAJQAg%3D%3D ", 0414-6666108,@blnc.ve,no respondieron,,"Estacionamiento, Duchas , Lockers, Cafetería, vestidores, Fisioterapia, spa, manicure y pedicure","Yoga, Pilates, Levantamiento de pesas, Entrenamiento Funcional",5AM-10PM,4.6 / 5,https://encrypted-tbn0.gstatic.com/images?q=tbn:ANd9GcRnvOpabdoTUd6CroqorCqL4qjXXihg_V3ptw&s,,,,
Silver Back,Las Mercedes (Baruta),Entrenamiento de fuerza,https://maps.app.goo.gl/p7SZK11ZSJoq3uHw6?g_st=ic,No dice,@silverbackvzla,,"Plan vip (220$) , plan regula (180$), plan familiar (170$), familiar vip (210$)","Estacionamiento, Duchas , Lockers, Terraza, vestidores, Asesoría nutricional, Entrenamiento personal, Seguridad","CrossFit, Entrenamiento Funcional, Levantamiento de pesas, Boxeo, Musculación, Cycling",No disponible,4.2 / 5,"https://www.google.com/maps/place/Silverback+Gym/@10.4806296,-66.8623647,3a,75y,90t/data=!3m8!1e5!3m6!1sCIHM0ogKEICAgICp5rPFowE!2e10!3e10!6shttps:%2F%2Flh3.googleusercontent.com%2Fgps-cs-s%2FAPNQkAHXcyQTGRbSzPOIwx8PjvEDXgIy5j7zLeM_ikvnFd5ya-1DJqybSLVbfLWv8G7gKDS5ssieNvYtHun8T2lR4x9NJ8WagAu0wcxLdMEB1Cns082fSBlN-nhUkK01XPO9QvtX5Wpo%3Dw86-h155-k-no!7i592!8i1072!4m7!3m6!1s0x8c2a59775dff3375:0x1b31bffa266f8597!8m2!3d10.480401!4d-66.8622937!10e5!16s%2Fg%2F11t7jc62pv?entry=ttu&g_ep=EgoyMDI2MDQyOS4wIKXMDSoASAFQAw%3D%3D#.  https://www.google.com/maps/place/Silverback+Gym/@10.4804064,-66.8622878,3a,75y,90t/data=!3m8!1e2!3m6!1sCIHM0ogKEICAgIDTkOu59AE!2e10!3e12!6shttps:%2F%2Flh3.googleusercontent.com%2Fgps-cs-s%2FAPNQkAEtpy9oyh5hm-Dcsdssko0KahaeceYSbpgFq9FqP4UHS8XIqkG78su-ohmx9mqDJ3X-Forfs1Vmm_Wbt9YRPiU5c3CZsqh5CNNjYslQ6McUAagmOLqWgiHr-4DybkujrXGuauto%3Dw203-h270-k-no!7i3024!8i4032!4m7!3m6!1s0x8c2a59775dff3375:0x1b31bffa266f8597!8m2!3d10.480401!4d-66.8622937!10e5!16s%2Fg%2F11t7jc62pv?entry=ttu&g_ep=EgoyMDI2MDQyOS4wIKXMDSoASAFQAw%3D%3D#https://www.google.com/maps/place/Silverback+Gym/@10.4804064,-66.8622878,3a,75y,90t/data=!3m8!1e2!3m6!1sCIHM0ogKEICAgIDTkOu59AE!2e10!3e12!6shttps:%2F%2Flh3.googleusercontent.com%2Fgps-cs-s%2FAPNQkAEtpy9oyh5hm-Dcsdssko0KahaeceYSbpgFq9FqP4UHS8XIqkG78su-ohmx9mqDJ3X-Forfs1Vmm_Wbt9YRPiU5c3CZsqh5CNNjYslQ6McUAagmOLqWgiHr-4DybkujrXGuauto%3Dw203-h270-k-no!7i3024!8i4032!4m7!3m6!1s0x8c2a59775dff3375:0x1b31bffa266f8597!8m2!3d10.480401!4d-66.8622937!10e5!16s%2Fg%2F11t7jc62pv?entry=ttu&g_ep=EgoyMDI2MDQyOS4wIKXMDSoASAFQAw%3D%3D#",,,,
Top Spa ,La california norte,Musculación,https://maps.app.goo.gl/e47bD5waNbB5pSHr7?g_st=ic, 0424-2710735,@topspavzla,No respondieron,,"Estacionamiento, Terraza, Piscina, Asesoría nutricional, vestidores, Duchas","Levantamiento de pesas, CrossFit, Yoga, Natación, Baile terapia",6AM/9PM,No disponible,https://lh3.googleusercontent.com/gps-cs-s/APNQkAG2n3jDxIofi6G0FJMP-mHw_PmcH4eNja9Ptc4Jv3NN-oL3GlZPR7RdqMXMLcbwhQQK5LJZY2DEWGioXTYdUcPUFqhnUaRaSMjRodOMPy_YQrFAqgvimwF8TcJYOb8eTP_DwTG9=s680-w680-h510-rw.  https://lh3.googleusercontent.com/gps-cs-s/APNQkAHYQYbwncbbCCfFGpj9axFOlMthFjUEXHBv31XyZHbecJm_GM4L1b5BQ8DvXw13vLsULRaHeoxfgjYq0VVP6Cx3_o-FjdyFp76uqDuNkAFrT0K5-MrqAeZGnlf-2uPkaIwOMhNA=s680-w680-h510-rw,,,,
The gym route,Av urdaneta,Gimnasio musculacion,https://maps.app.goo.gl/pQ77dADAKJFqj7Q28?g_st=iw,4242686859,@thegymroute," Diario 5$, 12 Dias 30$, 2 meses 80$",,Cafetería,Levantamiento de pesas,6:30AM-8PM,4.4/5,https://lh3.googleusercontent.com/gps-cs-s/APNQkAGn-9VlXGPWLTdASeT31cWwSje7M5dTtkDiZ9Bi8Ia6o3DFvJzYvM1i9rWXm3LX2x0i61LlZhQGA-iDYcSJaJ7OlbYOy66qlkh3soCvsd10mc3bPae79o95jS1-8f1pUTPkLck7=s680-w680-h510-rw,,,,
Cafiplus,Santa Monica,Musculación,https://share.google/HQ2kPeGJMXN21vCws,4123650132,@cafiplus,No respondieron,,Lockers,Boxeo,8:AM-9PM,No disponible,https://encrypted-tbn0.gstatic.com/images?q=tbn:ANd9GcQ82OsqQ553mQKZ-LV3-TI5v6_kDm_RMCM4dA&s,,,,
Titaniumfitnessc,La lagunita,Fitness,https://share.google/NGtLijcJp05JN3uY6,424-1711521,@titaniumfitnessc,"inscripcion (20$), trimestral (300$) ","Plan individual (140$ mensual), plan pareja (130$ mes c/u), plan familiar (120$ a partir de 3 personas ), plan estudiantil (80$ mensual ), plan limitado (60$ mensual])","Estacionamiento, Fisioterapia, Asesoría nutricional, Terraza","Cycling, Musculación, Pilates",5AM-10PM,5/5,https://lh3.googleusercontent.com/p/AF1QipO6dntmj66o04Ms2JFyLWg5C7yR4Hxi2MHPtn7B=s680-w680-h510-rw,,,,
Gim398,Las Mercedes (Baruta),Integral Fitness,https://share.google/ma7VI7l3yOcEVloAV,212-9931315,@gim398,"mensual (140$) , trimestral (400$)",,"Terraza, Cafetería","CrossFit, Levantamiento de pesas, Boxeo",6AM-8:30PM,4.5/5,https://lh3.googleusercontent.com/gps-cs-s/APNQkAHtKSQ09HJ0fvQT_ikE60uy-HyE70ES7LP-sG-D2WpjMSFZmOwTWYdwuA2hS1XBwTB_Nw2vBCmYp68Wf-T07SF-sV9VmYucFpf8MWr31OqQNAdbOnLA0DLO9_XOSgCDK42LYDWW=s680-w680-h510-rw. https://lh3.googleusercontent.com/gps-cs-s/APNQkAHGf7515TlZEqa_EqYy4caq68nlTpCleTUrj0oA96bVMSMaadZT423u5TuFpe8JRrtUP8Cn7JZde2tUk8USxzllyL_cNJSFrM1HXITLGl4dOsxQajbsd4sX65Ac9wCEmZZd6TEv=s680-w680-h510-rw,,,,
Luxor fitness center ,Las Mercedes (Baruta),Integral Fitness,https://maps.app.goo.gl/aoP59Z3tx7i98S717,0414-5877283,@luxorfitnesscenter,,"Plan premium (200€ acceso limitado), plan platino (160€ mayores de 65 años), plan joven (30€ entre 5 y 22 años) y plan 2 dias (120€ fija los dias de las semana que quieras ir) ","Estacionamiento, Duchas",Levantamiento de pesas,6AM-9PM,4.6/5,https://lh3.googleusercontent.com/p/AF1QipPkWOAb5cCjqyUgubMbmTFDDgFhuNPjgS7ANz-t=s680-w680-h510-rw,,,,
Gimnasio san luis,El cafetal ,Musculación,https://maps.app.goo.gl/vWwMbRJH1ecsTSfE9,0212-9862086,@gimnasiosanluis,"Dirio 13$, semanal 38$, quincenal 58$, plan mensual 1 persona (20$ inscripcion + 78$ mensualidad), 2 personas (15$ inscripcion + 72 mensualidad) , gym+trainer (20$ inscripcion + 130$ mensualidad), trimestre (165$) , semestre (300$) y año (540$) ",,Sauna,Levantamiento de pesas,5:30AM- 11PM,4.4/5,https://lh3.googleusercontent.com/gps-cs-s/APNQkAHoa3tbiELQT67ATC-cANJQDF-KyeO-04LSpie3yzu2naRNx6myuEYdaWDX-2b4IPc7tsCN_DjLUQCiKY417Vzr53Yj33LFkDbe5vcHU8KWbm5xWsq6RynszeTUByFiSrenLNveWn9ivHpX=s680-w680-h510-rw. https://lh3.googleusercontent.com/gps-cs-s/APNQkAGED5axSfjVtcCFb2D-lahfZ5wiptA0E65v3IsxUqVrjJOheWgyHiW1yqjjI6zSLOmGFaKqQWzJpbBcQhuP_302yHOgq1MoR2sso4CM1fFS8lMxR7nXlRn73_5XyLg8KBcDmQhAtSwfGVJ7=s680-w680-h510-rw ,,,,
Energym fitness center ,Av solano,Musculación,https://maps.app.goo.gl/hWWkT3nJwMtDs3cY7,4147392899,@energym_sg,mensualidad (50$),,Asesoría nutricional,"Baile terapia, Levantamiento de pesas, Entrenamiento Funcional","Lun-Vie 6AM-10PM  Sab 8AM a 6pm, dom 8 a 2pm",3.8/5,"data:image/jpeg;base64,/9j/4AAQSkZJRgABAQAAAQABAAD/4QCKRXhpZgAASUkqAAgAAAACADEBAgAHAAAAJgAAAGmHBAABAAAALgAAAAAAAABQaWNhc2EAAAMAAJAHAAQAAAAwMjIwA5ACABQAAABYAAAAhpIHABUAAABsAAAAAAAAADIwMjU6MDk6MDQgMTY6MjU6MzYAQVNDSUkAAABvcGx1c18xMzEwNzIwAP/bAIQAIBYYKCMgKygmKDAuKzI6R0A7ODg7V1JPRU1oXW5tZl1lZXWFrJB1faJ+YmWVzpaisrjCxMJwjtbm1bzlrb7CugEiJCQxKi9VNTVVunhleLq6urq6urq6urq6urq6urq6urq6urq6urq6urq6ur26urq6urq6urq6ur26urq6urq6/8AAEQgBOAEhAwERAAIRAQMRAf/EABoAAAMBAQEBAAAAAAAAAAAAAAECAwQABQb/xABBEAABAwIEAwUFBwMCBAcAAAABAAIRAyEEEjFBUWFxEyIygZEFobHB0RQjM0JS4fBTYnKS8RVzosI0Q1RkgpOy/8QAGAEBAQEBAQAAAAAAAAAAAAAAAAECAwT/xAAfEQEBAQEAAwEBAQEBAAAAAAAAARECEiExUUEDFBP/2gAMAwEAAhEDEQA/APLY6wWkOHKB2vRVc0tPJAO0IUFG1CVR6uOoFtGQ46AQTPVRHhvgFVSdCg7XYFAhYDyVQAMqDW77qkKYs+oJdybsFBhqOzO5bIBCo5B0qAIGbIuCQeIKDVRxVQWMOHPVTF1qZiGO1OXqpi6qoAg5AEHIOQcg5ByDkHIOQBByAIOQYcQzJWqN4Pd6StskVUQUFaJkuHFp+vyUCSg14Jmao0cXD4oPX9qO7jRzJ/nqoPAraqiBQdmKBg6UQ9Nt88S1pvwQBznOeXOu5xkoF7Np5IAaJ2ugQtjVACEAAQVYwuMBBfKAOAG6CTnT0QKx7meFxHLb0UGlmO/W3zH0TF1op1mP8LgTw3UU5UAQcg5ByDkBQBByAIOQBByDP7R/8TUOzsrh5tC2yzhFdCClEhtRpOk3+CBcpa4tOoMIPS9lsmqzrPuSjV7Vf3wOAUHjVFRAoAgYcBqURasQ0CmDZt3Hi79tEGcvKAiqdwgcVG8YQOHTwcEClrTsQgHZcDKCzYaIggII1HF55bBApCAIBCDsqC1OvUZvI4OupirsxrDZ4LT6hTDWhrg4S0gjiFFGEAQFAEHIOQBAEHIAgh7TZ36ThoaYHoSFtGOEBBKCgdaEFXnMGv38Luux8x8EHq+yG9+eDVKJe0nzVf1hB5rlRNwQJCC1I5Aam+jevHyQRcdkQIQBAEBAQVp5iYlBc0wBJMBBzXTv5FAxpjWIQJ2SBHUyEChiKaIREnu4eqBIQES0AgkG9wUGini6jfFDh6FTF1pZiqbt8p4GymLq0KDkAQBByAIAg5BXEUXPYzL+UuB8yCtJLZ8ZHUju1p8kxry/Ym6m39JHQp7N5JkH6vUJ7TJ+no2cQbtdZ0cOPUapp4vc9ksy552gIjycVUzPJ4klBlc4qhM6AgFxAGpQF7gSAPC2w+qAZQiOIQAtQLCAgILsIAQOGl55INmFwZqGAOp4KK1VKmHoEUzL+MAIOFHDVPBUyngf3UC1PZrxpDhyVGKphi03BB6IM76JTRJ1MjZVEy1A4bYdECk8EC5Z1QPTqOZ4HEDht6KK0sx2z2+bfophrQyqx/hcDy39FFNCAIAgCAINX2l1Cm5zYs4T52+S0y5vtMO8dJjkD9thX6sc08kUDhcM/wANWOoQSd7JJuxzXdCqNuFY+jhqmfxXj0soPGrEJi6zuI4J7XYWGn80dQqZP0zWkNMQSbW4KaeNTe13AhVLLCglEHOUQRU5Ip2w5EUbTsgtToSg9DC4PMMzu6walRRxONDW9nR7reO5QeTUfdEFtWEFqWNczwuI81MVtp+1XEQ8NeOYQP2+FqeJpYeI0/nkmjjgadT8Oq08jqgzV/ZtQfkJ6XVGKtRLbOBCIjCoEKAQqAgBUVRmKqM3zDg66YNLMaw+MFp9Qphq7SHCWkEcQorkAQPjWfcvH9oPoZWmXmNdCqqufBQEVSgdtchEO7GPIguJHMpisz3ygmSgDRJ5boOJkygIcRoT6pi+Vhu0O4aeoUw8v0CWHVhH+J+qvs2fgBjCbPI/yb9FDJ+q06R2LT0KavivRoOJvKM49Snh20m56xgbN3KDNi8cX20aNGhQYH1JVEzEEzdUTQGUDNKge5Ajog2YbC1amgtxOiYNn2hmGBHaOqu4T3Qg8zE4l9Yy8zGiIzoOKBCUAuVQpgalQKanAIqZMoCwuBlpIPJBqp4yoPEA73FMFvtzf0O9ymD0q7MzS39QcJ6hVHhg2VFH7dEUJRHSg6UVyAQgIb3D1HzRC5UAgoOug6UHBBWmRKD3sJ2TWAsc01I/MYAUVOvha7zmd3uimDHUwrxqIVKzvouGyCJpkKhS1AzaZKg2YfAvqaC3E6INQbQoantX8B4fXdBDEY57xEw39IsEGN7yUQgVHEoARxsFBN1Ro0ugm6qTy6IpNUDCmTqgcMAQEBB0IOQfRVBobR+6I8AUnCQGk5TFuSorWgAAgTyQRlAZQdKDpQcgZo7rurfmgVByDkHIOhAQgsyqQmC7MUW6GFMVdntJ4tmnrdMFBjmO8VNh6WU9ji/DP1a5vQgqhHYSi7w1gP8AIEIDOHo6DtXcTZqDPiMa+pYm36RYIMrqhKIUlALlUAlrdTJ4BQI6udgAipFxJ3KAimcridhKA0mAiSgqBwQdCDoQcgCDoQfQ1x3T5/NEeJiXltaoA4+I++6qka5p8ZPkiOimfzO/0j6oONNu1QeYd8gUV3ZWs5p84+MIjhRedAD0c0/AooGjU/Q//SUQWSA8EbDUcx9UC3QBAZQdKDpQFAZQdKK7Mg7MgIqHigPanioAahQLmVA6mEANQDQeqBHVCUADHHkgdtEb3UFA0DQIKBk0azt2tHvKDPQFkFYQdCAQg5rS7wgu6CUAcI1c1vV0+4Sg7uf1P+goPo3NkaIjw8bTHbTJ7zWu05R8lRDJzRRNFw4eqBIQdCASgIMaILU6jiDmJdItJUEw5Udm5IOkcER0hB3dQdbig6OaDoKBTKASiulByDpAQA1OCAAEoD2feIOxhBRrQEQ4CAgKKMIGNqVUcWojPhmktsCeglFUc5rfE5ovxn4SgAObwsqP8g0R70DilUO1Nm+mY++URqZ7ODwDUxAdyLvkUFRgWMHdovf0j5SqO7P/ANofeg9FQY6tBjspc9rTBF+RPLmgT7Gw6PpqgVMCHCMzD/8AIIrNi8I5kOIHe3B1RGI/4oLkMZSa4PlxN2xogiCOLkBEExJnog0Mw9rgEoHOCdw9yBThSPyj3/VFB2HBsGkHjKCRw7uCCZp87oO7AncIAaThuEC5XIAZGqAAkoOugIpzugoGAIggIOf+I7qPgimARBkDUoAazRuoO7SdGu9QPr8EVVwe1j3ODRYxBJ2OsoiTQ17A6tULuRdYeSgdtWk3wM9BCA/aHRYAIqDqrzq/0sqgBxnVFHOdpQDvcD6JqPp0GOtTYWjtHFsExadQPoipdlS2q+4qjjTZ/Vb6H6KAY+s1zWtaZDWgeaDzWMl1ptsi+hrMyvi4MaAQieigH9TvMfuqNDGhliQ53GNEHq0aXZtDmw950uIHNQSjEzOZ/kSgM4vg4+SBm/aCe80AcS1sesIOqYljBENef8QB+6DynulxPFVHAG+w1koJVKrBocx9yCRe98xYAEormUZuSiKCmBsgFYQGnkfiEBaLIDvCDg4AhAXtPbOa1pcZFvJBUYKs7YeTm/VQOPZzv6bnepCDLiG5XRoIEDyRUiUG0uzYVx5R7ipBmo0gcpnUSp1cWRpOGaRAB6ys+RhDhnNsPinnDE+wdOnqtSypiraHTyVFGU40CCmQqo9fp70GOtTD2uDnR4TJ4iR80VD7Oz+qPR30VBbhA8gNeJ6H6IMVZuUkTKh6SDssxM7HgqvocxeRnc5x4m59ZRPS1DDF9mgk9P3QWGCdtHk4fVA32arw96g77NWgw02RGYVTKuBzUMII1KnEwgiaxnuiTxKAtpPqOGcnogbD0WloJEkoLuZ3Hj+x3/5KCVEFzbCbnRA4pk6XPK/wlAtenGUOa8G4E93fXdA5w7w3NlhsTOUm3nb3IJF9OLy74eiC7cfTYLUG+v1lBKoR277TfTigpTqvzANpsZw7on/quoKVHv0q1I5EkqBK1FriwxVdLY7rR81RYYCmPyk9SUCYlgp0coESfkgz0CG0gSDafiVjqa1KP28HwMJ81PA1pZVD2526FcOt59Vue03Ek77fFdP8/lTo7qJAkSOpn5BdJWU6Id2ozGRdaRoyjgPRB6g5Koy4olrXOBg5HG3HX5FB5wx1T+ofUqqDsY8iO0PqURnJzHVB3Y1Dox56NJVDfZ6gI+7fr+kqDZTbiaeZrWd0n+26BoxH9IejEAIxH9EejEEcVWrMa1tTug6CwFuQ8kGQVL2ugcB7tXZRwagAogVCNbAiUDuYZZlBOug6IK0xlc13O0X+CCNKoG0zAJywDMDWevBB1PEFzwLAGRbmCgn2zzlvJHESnwbm4rEZNRHDK1c73zLjWVkxNRxjMAI0gQtyy/EsPTZVqtANQ5YECSRHRVFR7ObBJcSYsNAgmcIW+I0mjmSfiUEnEGqZuEG2lSpMEta2dRMyVAzMQXgmk0Zg4gyNEDGvULbu/KdOKg8t1eo7xVHHzVVSq8OyGZORoPUaoi+Fc2mxrqrZbfum03+CYI4jFCpZtNtNvAbqiTKjmGQY5cVjrmdfVlxtJvPQ+9cf8/Wt9KuqyusjCNM/ehaGhEepCojXbMb/ALgj5oPHbgxGqo44RBenTDKExJZJ52MoPRcRP4h/1rSJVnsD6ffsXEH7zYtPPjCgEUCZdWb5ubdMV52MxTqVYspFr2wCN/goqB9oVeDR0B+qBKpq1ILmPJH9phAtJjtwQCY03QaZLHQWuFtCCD6GEQmdznd1gLi2wNzv0RWj2qxrWUnNYWiCb7mBHzRGt7YpfguHfeJtpJIGvBB5eHv2gPBBwaAQY0I+KBKVJ5aC3e2hupfar0S9niBc08j7ljr/ADnSy4XGR3INiSp/nLN06Ce41oPG4+C6MtFKnmaN4EX6lBKqYqDIILRB2MaIJ4eg6tUIB2uVRrrUhTygHM4AARsOalGUs+8kGzteo396g3ikQ0y5uhGqDzWYcEGatNoBidjabKq3ezqNEsbUeM8CzbxO5PFEZMfUz1T3Q0AwAFRnlQCUValVcabgfy6dJWfGS6a0B72tBawukn8pIAHT+WVDUqtYvGZgayZcTT0A11VQn/EXf0qaD39UE6uhPAT6FBjLbqhXNQPQZLHjn8v2QaabmupseAIc0HTiFULWdDAR+pnvcAUBJOV5brFuu0pSMFKt21dwLXiGiQW6Re/qo0pVwrBTdlADoMHnCIh7PqPeXdoLCLjY8EVDDUgQ3/nFh3EZfqg1YmiPtdFoMB7T+Vp0voRCIZ2HyYpkXIpSO62SQ7prBQZMY1zgymJMHKBxIB08oQa6jnOzNJsSDYjuOAFuf+yDLhKGRrqtT80hjAbuPHkEEabTdrbutbmg0OoZWMpM71Rsl5aBvtzN7dEFmUmuoA0wAZlpjcHf0VRirwamZzYEmWTF+EqKs8y5lRtLujVmkhAzXk03vpva2BaY+B/l1BClRgP7N0usAdjcEx6GEVpoVa1JgyU3AEk5jbNzmVUTeSXS494+cKDiGPqPDT3GiAfj8lBWn4LXsQoMoNDIxjpkA5jlMSejhwjTZaVopva1rclmm4nqSqjJUaatRrWxmM/FA9bAPp084h2sgbR/sorGHyYiED5XtabFoIGoiRKDSyo4saCym4MECQVNHCoSCxrWAOscjYJVR32Z36D6qD6Cke408gqOqCWkcQgyC4niqA4IGww7zuYH896Bm1mMotc5wa0S0+RI+SoytxYqdqGuDu7LGxBMCY9ymmNrCHtJYQ4HQi4VqM7Blxj3FsMdTBLiLSoq1PK4FwILJmRpCqJ4Kg9gcHAi7Y5w0D5Ljf8AbifarzzANQDRtdjvUrqrXjbYjCHmR6gIiuKb9/RaZBc14kGOBU0kYalfs6TXZCRLmi5bAEDhKKAeXZnUwQ1hykCLzFweoagk7EgseDTGaMlnEm/VAuU05L2SQPzHfp7oTTFaWMLQA2m0OcSAGDTYW67IjfhmQ0tkkAm53uVfgx+0Kr6LpYcs2JA1ETdTVTFVz6vZGObmHS2oRFHUGsc9sdyDadRZURoGHO7MOGwtJ1UUlLEPY+zrNB1MW4c1UGjUNRg1gZsxE6WgT5qCjQ2YykNGwF1BspeGIA1UHnvjtC002kDcqq58E6BWIXDOyVHFoFoQBlevWZ2QLnEmbGLQZHS6lsnuqk6kWEhwhw1SWWbBeu/PhmP3bYqoDGEUwTIlZU7NjzVGvtQiPVYIEcCeSoLuZQY2aHkSEHOVGbEeJsNDnAEifX5IOcw16bszA4h8TPe0mxPVFJRwZFs92TGmpF5UGmgKnZNqFwIfDiMt501ngOGyqPNrsays8EZspNjcRt7kxdbcK802ZAQRlJF5E3MSudtbkg18aXUXZSWmLQYMqT/Pn+xi/Xn/AGlxLnOZ2ggF9uGkkaLoNftDu5Q0w7UED4c+ie19Kdn+B2mckuI8TgQSDzn4IJYygM75BLBrDzMwDvPEJEpKYBgtNQMFiSZIOxjfdBjHcqubsbGNwf4EFarR2hL5ad5u7Nv70Q2HpOdRqvaT92+QOfHTVFbMOx5BLMQ7LO7QTsdT1REMbh6rxHaNqX0JY06dUUtUPpOovc6CRlJgWHkgt2NaNS+AROSZ5Koi2jXZdrSL3zMd9FBKj2gr3blL5aSWmLorsOXtfUpNytc4XnlsgZrqo3pkmxuoira1eBFJh55x9UEaxqOcC6kBrYOGvH3IpL7iDwVQrHQHlBpdg3YeTnkupv0tEQVnqbmrKR5ZINRpdNFhEGLwE4+FDBuDstHsiZu52YjzWgcdiprENzd3cHfdESdXZm7p7o0lFU+1s/QP55qD6H8zttD/AD0VQUGRxDXuBIF0gnVqtYJcQBzVGTEOmqzKToelxb4qBsIajg9zS0ADMR+Y2tHoqqlTOanadm+LDMBA/fVEaaDj2D2kZiC+OOsorzsY0GpIDtADDTc8dOEIg4MfiN7MklsjMIggHzvAUxdNjKReGtpsbIJJiAfRVGai1zRUaSBnbeeEWvPNRVsViG1GMYHNLmuaQJMk+kKi9fENJaSQSx2aI1AGkyVBGiw1x2lRxkkwASA0cgFUCk11VzgwmlRabAeJx4km8qCdTDsozVqOzknuM0k8SeA5IOrCq4ipUDJLtL6lUXwb/stJ9WsIFRwytGpiZ8lFJh8blMmm4U3GCSbddFUd7Vc0tEEGQ0iPj7kD4Wmw0nPrBoZkblzRcx/PRBIVKYzFhabHSLHigGDLy29R9/7joopKmLrU6zm9tUyjYuJ2QamYchlOuXuL3AtNxzRC0sVWs0vB2uxv0UFTicpAcKZOv4QPwCCQqvyjPSpvcXH8RpnWyKyVj946zRfRnhHRVEge4/z+CK11RWBHazenUAkg/knbyU6IR7HPdTDQSTQbopz/AEpcPi2sa7I1xeQACTK0h8PTbSaXVe1DjoWZdPM6oKsrUXGPtFdpOmZgPwQX+yn/ANWf/qP1Qem7x9R8/wB0BQedjqLXvgyLh1jyj5IrAMX2RIow4GxzDNIQENFRwqM1AgtO37JfRJr0fZx7Mu1Fhpy/3SXVsxVlb7stImNAZViYbC02kucZnhtfdWRKyVHPYIa4ga7ahZutzBwVMurSSSBmjpwSaXJC1Q9x7rHkk7A381LKkpDhKjX/AIeYEXJIAHJJC3SPwz4Aa1jYEnVx66WHuVRlqMdo1tWOMH3BB3ZlswMrrbbczoqFoua0kF777NJufIqDq1XM5hiclg0cig3MxDnZXZYaYnzVRmrVO1xbRHcaco4W/dQbar6R7jzB1ttH8CogKIq1GA+EAEg8ATb3oI4qqcXiIFmiwA0A3KDR9ip5TlEECZm6BKdLsT2bnAuH6bqKOGwIr4io6oS2mwAmbE8PgiJYr2g95FOjDabbNAAVCfeBsvjiCbEFQN9qIGchhIBEtcfSExU24iad2uiSSRe6gmdfqqgNIykm4m44hBtxWNZiKjcjS0NZV15sP0UvxWXEm1L/AJTR7ypz/Sp4SnTdViq8sZqSBdaDYpjGP+6e57Nigkyo6mWva4hwnUaIK/b6vEeiJj6d2x6/z3IOCDNiDDwZIttqistSjTqtIZOYE3BBg8wAgwAGlV+8Y9pHCx6idUo9amWPgsfMCZExHPb+bLh5Xi7f619O1oJJHGCF6GWqgwAlbZqGJo2mNFLFlXwtHK6YhQQqiowwTmbOg1jgs0cazZBaCSbXBt9EMUfTdHeLRPoVRF9NrWFoIk8reiDE/AU3PlznuJsNFBGvR+zeAwZgnN8NpRWZwfvTeJ0JBhAaQJlkkngRYQgnWIBIzAzvCB6BLWkNaZOkAet0Q9Gs4B8EueWm6onh2uo1A8tJgHa3qoqpxOc5ZyzaB9VUavtDadOHHvuJmTCgniauShIMk2B5lUQGJNSp2zruAh1vDtI5KK1GtTDDmg2VQKNFjxORoB0bqGjhfU8T9Fm1WXHgNqQAB3R8SkEAVUOHloJmSdiPqilpvyz3QZPx2QN27DGZgMCBfQIA51J35cvREAwDEyDyiCig6kSIlvqiE7B3L/UEV9Y/QHgR9PmiAgjXkFpGt4m+0oqPaVnCZqEcMpHxhBGtQdVbBbfYlwBHpKDLSxTMO1zAHdoHEOv3TFrLl1xeutvxd9PRwdRtRoIDc7rvAOnVb/y5vPpOnoMF/JdmHVhLHDkVFg03jI08gorPjagMELNWMj6pJ0ssa1hi8lsZ/XVXUxootpFgggwLnWT0WmQFRrZhgHQR+yDNUxVOS7MCbAxcjlZFwrSapDWUnkHc2A6lNMQxWEe49nhwDT1MWzOQmIN9nvae8Q1w4nTz+imVdiVak5roLwRNwJ+EKoSk7vQ2mH/DzQLVgnugE8rj1Qx1Nj5tmbxI16JpmGbTLBmcYHCZJRCvcaoa0WibcfIIrqR7N+UE5jbvaeiClQFpLcljdp1jry68UF6GIFKnDyCQTuFMGevWbWdIaSdLGPiqJhACYE7ckHNMnu67IBFkHZQg7KEBF7GeoQLf+FB9XU8DjvCiCqJVduoUGCp7WBJGWNdeKqsz/aFR3gHnEfVRcMGmowsFMF7rueRZp4k8VULUpVcJUa4OsfC8aHl+yvxHt4TECs1rxG4IBmCtIrWKEQDobHxU1pJ7sywqT6fFRU8qimDgfFIOktMeqaWEqMp8M0aTf4ppj0KHYljWtyiNTN1uOdGqQx1iD5XHmhjO7EFoN4nUn+BFxldiG7Cegn3qeUXxKx9R7g2nTEnc6+5Ty34vjn0cXhi2WNcHTd7tMxG1zord/iTP6zfZyBMADmVjLW/KQ7sJUDc0ZRxc6PctyWMWysWXXPBI4uuqjm4kNENZE6kHX3aIJ1KpftCBs73NhxMczopq45tElsgb6ppI10wzKARoFnauMX5fJbZM78MIOw341P8AyHxUvwM8fc0T/l8VJ9oUOgaWWgDOwsgNLvuDZAndS3Jo9D/hbv6rfQrz/wDTPxvwe1qvQ5kabBAtbwk380HnmjRDicjnEkm8RKY1otMeFjR1v77Jho1C97HNzkTwtfyVxNJg8OKhAqOJpwTDj81Q/syiW1szHEN35jYKc3VsyPWfdarMQLL/AFWVHL5KKR7N5KDO4QstE6BRSkEopwA4ibP/AFDX901MPVa7U1DHIQl6qSRKjQa+oB6kmTCk91b6jc7CMaRkA8xK6eMc71XAFhIJedoDbfBaZT7rHiabGg7udB9NSikr4nMQM7oGgAjzv9FNMZKpY7Ub3JcSY6lNMZ3voflaHnpPvU1ZGRlA7hZvTc5VyAbeizreRzgA02uVqMdUcM4ZCCbybK2MyqEi6jWxiOi2wL/A1AcL+NT/AM2/EKX4Gd+BS/yf/wBqk+0HDZZIeJsrVi9OmGF2Uy06DgsW61ISqQCDxstcp0p9qfxWP/Lj8Tyr3h09F1ZKN+pUAOmyDC6pTAGZ4BI8Op9FQ7Kb3+CjUdzcMo96DQzCVtzRp9AXn5KjzfaTn064Yarng5TeAOGgUWPRwzclMcTcqz1C+6003SYShiy/y/ZZHBg/n8lBxZIsJQY6jbqVuJkdFlSuHVAu9lFM8OLYNuv8lNEqbYdAdB4i6kpZrU3FVKf4gGWfENvousrneT4vFg0xDgAd51VSR53afpk9BlCzsaypEu0BDel1m9NTkvZg3MnrdTyrU5gzw9yzquLU1C5VQcv6jlHSfct8sdVnLWsPeIIO3PotsJF4mGggcJQc7QoDU0agOG/Gp/5t+Kl+A/8AkM/zf8Gp/R1CM9+CVY1gADYLFaAtDnAOEiCfgrEpexZwPqVdTHv7KslJu5ACf5/NkUcJWaxhsJzG/JWId+LVMIKjnxG5hQefiW0XPbVrvhzbZZ4XFteKelyxbD4ptUHIfDxsixpoO72soNbhxgctVEcYGvvRR7SB9bIjHUaSbBRonZHj6IpOzA5/zkoaUz06KYqTvVRU79FlTh8byrpg9k3VrACeAVQDROpKmGouastAKcmNSg403DQIaIpx4ipv4oS0eEK5f6jPWplziQ6CdV0nWMXnStwgOqXtJz+ufTa0GEltq2SRndoujmNTZAcOfvqf+bfipfgpVbFGOFV3wCkvtanR/EarSN7HRYNk8VlVW5Bc6oGkfwIPQabBaYA+IoONxEoM1SpknulxJtBA9UX1/Uu2qHQMb5Zj6m3uTDZ+Aabn+N7ncibemiZDaWrQaWFvK0bKoTBw05ojMIMcf90WPQpkg2WW2ovJ0v5/IfVGcFulzHIQPgqGEDRvnogm4EmwnoJ+KBQyTBMngO8fogFRkWjyNz6BRWd44qKi6VmtRIkcVlos8BHVVDtPNVF88iw9UoiaZOpjoudrUMwMbxJVmldVJ4AfFMTUS2eaK7LzTQpICCZcSrBOr4Ct8/WOvjKdF0cxqaoFaYII1BlBWvinVSAYDRoBssc8Tn4ttp8JSDnS4wAtWmN4B0aBCyp4ZGklAvZ8j6qo3tsAOFlWXGQ6eqAoM9bXY9EUl+iqAXDjJQB2YAHLAOhO6BGYZwqvYSBPehWDQ2pByAguAErFjcuq5yR3j5E/IINFA7AE9AFUVIM3IHvKAFgOoJ/yNvRAQBxnkLBAzmiLegQYq1uCixjeCVmtJlvksa0LaZOg9VNXFAwC7iptpg5+ATP0Tc6VQWtOyIOVFKY3UCOEoEcxWBC2FUJiB92fL4rfP1nr4xldHNzzJQKouCAoq2HOV4J0Qek3EBwgCEQSNwUCy5BtoOc496NBYbKsqP1FkVyCNcEkAa7FAraDY70uPWIVQtTGUqVszW38LNZ8vqgUurV2tFPDkAE9+oY92qo7E4OqKNSpVrS4N0aIA431Kgwez3AVXDYtUrUeo13BZaasKZN1UrW6BpA6IymSPPmqrroKNMj6KDJiGEawFLVkZC1c7XSRN1Rrf2WctX0karnaCFfGQ0QOJkoGyOPIIDAb+6g4uJ/dB0HdQKUUpK1iF6qjpRA6+5WXEs1GthwbiPRb8mfBmNKNlNXAyK6YOVNTHMbBVRoa9A+YndA2d3EoPRY52b1VYUfpfSOHBB0+XmgnVBMRYzZFKPZxd+PWe/8Atb3QqjTQw9Kl+GxreYF/VBWUGfF1AaNQTq1wnyTVeLgaZD8zrWgBZrUj0muCir0n3VRtDiRew4DVEDLvp1QAlu0uKmrglxaO84MHAaoMtaoD4Gk83JixjfmdqfILNaTyAbLOtCdFkECdBCBxYRqg7LxQLZAM0K4EJVxAKKVEcqDEBQB2l0VOoEEXALSUpVZUo0i7UwPeqjQWtAgCERM0iLoBlKo9ebqsC6I9UCtMgIEqaCI1CK0OqACSQBxKoyv9pUxZgdUP9gkeqDJjMfWDsrYZYE7kHgoMQeXOOZxcdpuo000zMEKK1MEqauNVMAJpjVTedGiOZV1MK+o3c5zyTApe6NmBXETEbAuPEpphKrrQ53kFmtRnJ4BYaDKd1FdCg4DiUBB4BXBx5q4muItewVCkJiELSiuiEAIUHQigTwVQDogmTJQTMkxCqODITVxRsnRErTTpjcyVWVHtGqqJSOHuUVsnRbczE2/dAohArtEV5OIr5atRlRpqNJaQC4iLfuqJuxdVwhncbsG2/dBNlFx5LF6jc5rRRw8EG8rnf9G5y2MpR0WPJrFmw0XMLUtqUwrfpHqtyM2mzz43eQWmVGOJ8LYHFNAL2zu4qLhS97uQ5IFgDms6oEws3WiFwSQBVAtvdMNEX00VQ2mmvFXAMs81UdljmVFAqKQoFjigBk9EA01QCRCgBARSEqKELTNWaQ0LTFVYZQPlQdlHBA7XAsa4aEArbCqIUaorkR5WLoZq88QPp8ljrrHTnnTUsPwC5Xt0kaG0ANVj60bM1qs5qaQ1CTay3OZEtACStIsxvOFUUa9rdGyeeiupgue5+ptw2UXHAAKauA4nyU+hC9RXarSODeKI7WwVHdnxuriaZo2AQP2e7vQIOg6BAckaqKR0IJuEK4anqoFJQKZKABsKKB5qKQmEw0uYm60itOXFVlrZDbIhjlF1Qv2gc/coYXBOzYZnSPRbYaQbdUQu/UcUUT6oiFQNDpPRce57duL6KanALPi3pSSdStYyWEBDVFVgNE6lVBALigcABTTHF0a2RSdpwCqBJVHQgYckQQBuriOzbAKh20+PogpoICAikTrZASIFkCFp3sEw1J5A0VxEyJQI4KKXLKK4hZUIUEy5UTcAgAaqKssiLlyJiWYkwgbKgpghFLLpBWubsZ7mVpbotMAfy+aDvP3IqFcXCx03wksa6GDCVBRtNXE1VtMHQStZGdF2Ua3OwWbVhC5ZaKSZVwLCqDAVHKDgVpBlVDtYd7IKgAaCEDNaT9UFWtDeqIFzYBFP2YaJNyrjOoVXEqiRpxqgQqKQhFKQorllU3IJFByK5QdKo4VBoiCLIHRGim8GQn+cxO1G7rq5iSg7dBGssd/G+PoUGZjJ0CxI31cacpOgWmDBgQMgi9w/mqixJ19oUac4IBCAFyoEoCAqirRCIo2TpdUVbT43RDkoAAeiuGqsFlUBxzWCAZQBbXiiM9S6KTseKilcIQTcoqZUUhUUhQCIUUqBSZVAQOwHU6LNuEWvwWdXD0Xd+OS68/XPr4u03XRzEojkCVRIO0rPXxvn6ph2gNssRqrC60goJPqjQXU1cSOslZaBAHFXEKSgARRQOBKIqxnFUXEAKoLQXaBEUbT9VUPAAuqJPqTog5hRBJmw14IommGCdTxQRqIIEKKRwUVF4QTKjRSoFQK4zpogUIpqbMx5LPVwVXNoYCBmGHArrz9Y6npoGq7OJiTtwQd6oA7ipfiz6qxzctysN2A6t+lNMI4k6lRQlACmBSYVA1CDiPNRXAKBsqBwqhwVRppUZu4+SuM2rg7RYKoR7+Coi4km6AhqAF4Fhc8UBpm6CzrtndBLsbSfRBF4QQeFFRcoqZCjRHDfZQIb9EUpRBY3MeSluKvEWC5VoIUHKj//2Q==",,,,
Galaxy gym 4.5,Propatria,Entrenamiento de fuerza,https://maps.app.goo.gl/cF7973yJV8RMFFei9,4242307567,@galaxygym4.5,"inscripcion gratis, Diario 5$, mensualidad 30$ ","plan estudiantil (25$ hasta 17 años), tercera edad (20$) ",Sauna,Levantamiento de pesas,Lun-Vie 5:30AM- 9PM  Sab y dom  8:30 a 2pm,4.3/5,https://lh3.googleusercontent.com/gps-cs-s/APNQkAHoa3tbiELQT67ATC-cANJQDF-KyeO-04LSpie3yzu2naRNx6myuEYdaWDX-2b4IPc7tsCN_DjLUQCiKY417Vzr53Yj33LFkDbe5vcHU8KWbm5xWsq6RynszeTUByFiSrenLNveWn9ivHpX=s680-w680-h510-rw. ,,,,
Gimnasio zona 8,La boyera,Musculación,https://maps.app.goo.gl/aZjm2ZttwWxsdVNNA,4124722579,@zona8gym,,,"Estacionamiento, Lockers","Karate, Musculación, Baile terapia",Lun-Vie 5AM- 12PM  Sab y dom  8am a 4pm,4.3/5,https://lh3.googleusercontent.com/gps-cs-s/APNQkAEUNhLjsgjX0AjOQ9TMRYLjuDS5XN8Ul-2wQTfAqboOmnqrU8UFS_CQu1oyzL-AopCYNzHS0glpYhBzlQXZMz1Hj1spT6tK2HfiqW07YLwU2MwMfZAiwOiwFtx-JkskBYhomT4z=s680-w680-h510-rw,,,,
Life fit zone,Bello monte,Entrenamiento de fuerza,https://maps.app.goo.gl/2V71fzXdaLrFGAqB8,414-1533226,@lifefitzone,"inscripcion gratis, mensualidad 50$",,Estacionamiento,"Boxeo, Levantamiento de pesas, Entrenamiento Funcional","Lun-Vie 6AM-9pm, Sab y dom 9 a 1pm",5/5,https://encrypted-tbn0.gstatic.com/images?q=tbn:ANd9GcSAXyY5Qu0UGtokJS2V9h0gGef4Mejg24UAZQ&s,,,,
Xpartan fit zone,Los dos caminos ,Gimnasio de musculacion y clases,https://maps.app.goo.gl/2aM9LACnPjQzdzFK6,97223720765,@xpartanfitzone,mensual 120€ coach incluido,"menbresia con acceso ilimitado 120€ + 20 inscripcion, menbresia limitada 80€ + 20 inscripcion . ","Fisioterapia, Lockers","Boxeo, Spinning, Levantamiento de pesas, Entrenamiento Funcional, Pilates, Kickboxing, Yoga, MMA",7:30AM  A 8PM,4.8/5,https://lh3.googleusercontent.com/p/AF1QipPj4Gr8BKgsPtaMnmKga1czZsTICJ2ILhLktdx3=s680-w680-h510-rw. https://lh3.googleusercontent.com/p/AF1QipMtqbPQaiqVIubNdzEfR8Z1fq7rPc8Z9Txah0JC=s680-w680-h510-rw,,,,
Darwich gym,El paraiso,Fitness,Darwich Gym, 0212-4818677,@darwichgymparaiso,"diario 5$, mensualidad 30$ + inscripcion ","8 clases por mes (35$) , 12 clases al mes (48$) y 16 clases al mes (60$)","spa, Entrenamiento personal","Cycling, Levantamiento de pesas, Entrenamiento Funcional, Boxeo, Karate","Lun-Vie 6am a 9pm, sab y dom 8am a 2pm",4.1/5,https://encrypted-tbn0.gstatic.com/images?q=tbn:ANd9GcQiHYuXjablVLZwUwg_xxHjigmNX6nunh1J4g&s,,,,
MFC gym,Macaracuay,Gimnasio de musculacion y clases,Gimnasio Macaracuay Fitness Center, 414-9034161,@gymmfc,mensualidad (50$) ,,"Estacionamiento, Entrenamiento personal","Baile terapia, Cycling, Levantamiento de pesas","Lun-Vie 6am a 8:30pm. sab 9am a 3pm, dom cerrado",4.3/5,https://encrypted-tbn0.gstatic.com/images?q=tbn:ANd9GcS7JnVTiOGA29P8cGplmzSG6YdGI4V_3M_B6w&s. https://encrypted-tbn0.gstatic.com/images?q=tbn:ANd9GcRPGgDzU-nnhaHSPx-2XkJK_4uadBdKz0HimQ&s,,,,
Elite gym ,El hatillo,Fuerza y acondicionamiento / Crossfit,https://maps.app.goo.gl/rTuTkyQs7ft3he3B8, 414-2783179,@eliteteam.ve,"diario 30$, mensualidad 180$, trimestre 470$, elite kids 130$",plan familiar 160$ c/u ,"Valet parking, Lockers",CrossFit,"Lun-Vie 6am a 9pm, sab de 9am a 3pm, dom de 10am a 3pm",4.9/5,https://encrypted-tbn0.gstatic.com/images?q=tbn:ANd9GcRvkyhapfeDJ9J4tGUVCHi22hBMCHRNnhlpog&s,,,,
Enervit gym,Guarenas,Entrenamiento de fuerza,Enervit Gym,0412-6273875,@enervitgym,"basico 40$, pro 50$, trimestral 120$, semestral 240$ y anual 400$","plan duo (80$) , plan adulto mayor (30$)","Asesoría nutricional, Estacionamiento, Entrenamiento personal","Baile terapia, Levantamiento de pesas","Lun-Vie de 5:30am a 10pm, sab de 9am a 5pm, dom de 9am a 12pm",5/5,https://encrypted-tbn0.gstatic.com/images?q=tbn:ANd9GcTOdBGWBPxebrFqZxXeNUrCnvE5LOVkqpDFlw&s,,,,
Metropolis gym,Macaracuay,Entrenamiento de fuerza,Metropolis Gym Club,4242443666,@gymmetropolis,"diario 8$ , semanal 20$, 5 clases 25$, individual mensual 65$","plan limitado (40$), plan grupal (50$ c/u), plan pareja 2 personas (110$)","Lockers, Cafetería, Baños","Spinning, Baile terapia, Levantamiento de pesas","Lun-Vie de 5am a 9pm, sab de 9am a 3pm. Dom, No laboran",4.5/5,https://lh3.googleusercontent.com/gps-cs-s/APNQkAGXsAVQCicqNknVpYOpncjahgnS-Luw1-gn_4miz5rst4im34a5x-6SRBMH7RVN17IlFaBrURdHGNZtzUN6nWmOxNeB_zvb60GiSm7F0p-2GoOLs_BXpWXCl1SHUGMzAk60ybQ=s680-w680-h510-rw.https://lh3.googleusercontent.com/gps-cs-s/APNQkAHFepiguESm5dJbUsRITOz_ctiJcaImGLVKzUBQbHXH7vovFutI_tdsaHBoJWxVydoSdYveamsrtb6T0e9-8Uuw6Wm6joiKDiLd7N9NZ6RTKg6URsLF4VKxyw7Jke125Kt_1whs=s680-w680-h510-rw ,,,,
Amarillo gym,San antonio de los altos,Gimnasio de musculacion y clases,Amarillo Gym,4128575217,@amarillogym,"incripcion gratis, mensulidad 50$, menor de edad 20$",,"Terraza, Cafetería, Estacionamiento","Yoga, Spinning, Baile terapia, Levantamiento de pesas, Entrenamiento Funcional, Cycling, Musculación, Senderismo",,5/5,https://lh3.googleusercontent.com/gps-cs-s/APNQkAHcyRMsbfls9TFcitjqvFJ16jF7JvWL1dfiLD4fpiZS1kOQDh7qbeGyTo7y7WeoDtRFJ8CxC-aJeoZFTb3vcbRjhr3eesOfoPKytOiCwMySFEQFsE4FM1nriFBVlUrFc7LvngM5=s680-w680-h510-rw,,,,
Trinidad sport gym,La trinidad Ccs,Gimnasio de musculacion y clases,https://maps.app.goo.gl/EF2dFVuSmAm5cKdGA,4125815916,@trinidadsportgym,"mensualidad 60$ , 2 meses (nuevos) 100$ , trimestral 160$, familiar 55 c/u ",,"Estacionamiento, Seguridad, Baños","Cycling, CrossFit, Levantamiento de pesas, Entrenamiento Funcional","Lun-Vie, de 6am a 9:30pm. sab de 9am a 3pm. Dom, Cerrado,",4.2/5,https://encrypted-tbn0.gstatic.com/images?q=tbn:ANd9GcRcy5DyyUB1lBb8QDe9tBlwZn5sqsQmwHqD9Q&s,,,,
Esmeralda gym ,Guatire,Gimnasio de musculacion y clases,https://maps.app.goo.gl/kmectLR1APTdT3qR7,4127412211,@esmeraldagym,mensualidad sin insripcion 50$,"plan kids mensual 15$ + 15 inscripcion , plan mayores mesual 30$ + 20 inscripcion, estudiantil mesual 30$ + 20 inscripcion, plan diurno mensual 50$, plan full time mensual 50$ + 30 inscripcion , plan semanal 154 semana sin inscripcion, plan pareja mensual 80$ ","Terraza, Duchas, Estacionamiento, Cafetería, Lockers","Boxeo, Spinning, Levantamiento de pesas, Baile terapia, Zumba","Lun-Vie de 6am a 10pm, sab de 7:30 a 2pm",1/5,https://encrypted-tbn0.gstatic.com/images?q=tbn:ANd9GcTgMj7SJtQGArdMh-qT5IwmUsZTWIw1SGTvuA&s. ,,,,
Goat ,Guatire av Intercomunal,Gimnasio de musculacion y clases,Goat fit vzla,4123320067,@goatfitvzla,"diario 5$, semanal 15$ , mensualidad 50$",,"Estacionamiento, Cafetería, Lockers","Cycling, Spinning, Baile terapia, Levantamiento de pesas","Lun-Vie 6am a 10pm , sabados 8am a 4pm y domigo no laboramos",N/A,https://lh3.googleusercontent.com/p/AF1QipO5eispg4m9L6XkXz62ILwCv0isDmiUdlauHqcU=w243-h203-n-k-no-nu. https://encrypted-tbn0.gstatic.com/images?q=tbn:ANd9GcSKrEtKspmGcAORIAaiaPA-5rvSThfV0A3Bow&s,,,,
Plaza gym ,Guatire castillejo,Gimnasio de musculacion y clases,Plaza Gym,4122161352,@plazagym_,"inscripcion 15$, diario 5$, mensualidad 50$ , mesual plus 55$, trimestral 160$.",,"Estacionamiento, Lockers, Baños","Zumba, Baile terapia, Levantamiento de pesas","Lun-Vie de 6am a 9pm, sab de 9am a 3pm",4.3/5,https://encrypted-tbn0.gstatic.com/images?q=tbn:ANd9GcQ8hB0VtQypCI-GFQhj1shaCIUey1xg72q8jw&s,,,,
Iron fit center,"Guatire, las flores",Entrenamiento de fuerza,"Carretera vieja, sector las flores",412-6158765,@ironfitcenter,"inscripcion gratis , mensualidad 40$ ",,"Estacionamiento, Cafetería",Levantamiento de pesas,"Lun-Vie 5:30 a 9pm , sabados 9am a 1pm ",N/A,https://encrypted-tbn0.gstatic.com/images?q=tbn:ANd9GcQzfrh6O5VYVSeuS0ra_bea3WioLUVZeeuJvA&s,,,,
Elephant gym ,"Guatire, boulevard",Entrenamiento de fuerza,https://maps.app.goo.gl/9zngz41DCN3aPVG46,0412-7140474,@elephantgymve,"diario 4$, semanal 15$, mensualidad 35$ sin inscripcion ",,Asesoría nutricional,Levantamiento de pesas,"Lun-Vie 6am a 9pm , sabados de 9am a 1pm ",4.9/5,https://encrypted-tbn0.gstatic.com/images?q=tbn:ANd9GcRQk3UGhuW0K8kSEegmVJ3xj2sBDWz6BgWz0g&s. https://encrypted-tbn0.gstatic.com/images?q=tbn:ANd9GcRBMMe4FYpf3L67Bh0BfeGpl3ZQfJc84BxMdg&s,,,,
Naos fit gym,Guatire,musculacion,Naos fit gym,,@naosfitgym,mensualidad 35$ ,"plan fit (65$ mesual), plan atletas / estudiantes ( 50$ mensual)","Fisioterapia, Entrenamiento personal, Lockers","Entrenamiento Funcional, Levantamiento de pesas","Lun-Vie de 6am a 10pm, sab de 8am a 12pm",4.9/5,https://encrypted-tbn0.gstatic.com/images?q=tbn:ANd9GcS7Heq_NIhVasto2CN6AcFbmR4QmYRtgWWe1w&s,,,,
Xtreme fitness,"Guatire, calle sucre ",Entrenamiento de musculacion ,"https://www.google.com/maps/place/Xtreme+Fitness/@10.4714787,-66.5741202,888m/data=!3m2!1e3!4b1!4m6!3m5!1s0x8c2bab853897044f:0x375c1173b02c1f49!8m2!3d10.4714787!4d-66.5741202!16s%2Fg%2F11r_v7b47r?entry=ttu&g_ep=EgoyMDI2MDQyOS4wIKXMDSoASAFQAw%3D%3D    ",4127052199,@xtremefitguatire,mensualidad 50$ con instructor ,plan estudiantil (25$ mesual) ,"Estacionamiento, Entrenamiento personal","Levantamiento de pesas, CrossFit, Boxeo, TRX, Calistenia, Musculación, Escalada","Lun-Vie 6am a 7pm , sabados 8am a 12pm ",4.3/5,https://encrypted-tbn0.gstatic.com/images?q=tbn:ANd9GcTxpijUf7zZBX-MPO10B_h80uunivwklgOUyQ&s,,,,
Gimnasio buenaventura,"Guatire , ave intercomunal guarenas - guatire ",Entrenamiento de musculacion ,"https://www.google.com/maps/place/Gimnasio+Buenaventura+C.A./@10.4655565,-66.575077,888m/data=!3m2!1e3!4b1!4m6!3m5!1s0x8c2baaf9450d19d7:0x3b9fb6cd62cc2871!8m2!3d10.4655565!4d-66.575077!16s%2Fg%2F11fxc0rzk3?entry=ttu&g_ep=EgoyMDI2MDQyOS4wIKXMDSoASAFQAw%3D%3D",4242255221,@gymbuena,Diario 6$ ,"plan mañana (50$), plan full (55$), plan restringido (45$), plan estudiantil (50$), plan pareja ( 95$) , plan amigos +3 (45$)","Duchas, Estacionamiento, Lockers, Asesoría nutricional, vestidores, Entrenamiento personal, Baños","Entrenamiento Funcional, Levantamiento de pesas, Yoga, Zumba, Boxeo, TRX, Baile terapia, Musculación","Lun-Vie 6am a 7pm , sabados 9am a 1pm ",4.3/5,https://encrypted-tbn0.gstatic.com/images?q=tbn:ANd9GcQlRxy6gGzq6cEj5z3KyD__y4IjHiPVWk78jQ&s. https://encrypted-tbn0.gstatic.com/images?q=tbn:ANd9GcQ9fz_aaXvd0E9pAN58AcP9_UOaVaQevsbKFw&s ,,,,
SWITCH ,Altamira ,Entrenamiento muscular ,"https://www.google.com/maps/place/SWIITCH/@10.5069555,-66.8476222,1776m/data=!3m1!1e3!4m6!3m5!1s0x8c2a59003effa8c5:0x3cf4eaac7db77811!8m2!3d10.5065744!4d-66.8476437!16s%2Fg%2F11xch22t_q?entry=ttu&g_ep=EgoyMDI2MDQyOS4wIKXMDSoASAFQAw%3D%3D",4127021225,@swiitchgym,"1 clase 30$, 5 clases 125$, 8 clases 160$, 10 clases 180$",,"Terraza, Cafetería, Duchas , Lockers, Baños, Valet parking, Seguridad, vestidores, Asesoría nutricional","CrossFit, Levantamiento de pesas, Entrenamiento Funcional, Boxeo, Cycling, Musculación","Lun-Vie 6am a 7:30pm, sabados y domingos 9:30 a 11:30",4.8/5,https://anavolante.com/wp-content/uploads/2025/08/swiitch-gym-caracas-training-room-treadmills-strength-zone.jpg,,,,
Centrum gym ,Montalban ,Entrenamiento muscular ,"https://www.google.com/maps/place/Centrum+Gym/@10.4723432,-66.960247,888m/data=!3m2!1e3!4b1!4m6!3m5!1s0x8c2a5f9a55a06497:0x779d4d97dbc719a4!8m2!3d10.4723432!4d-66.960247!16s%2Fg%2F11b6_fs207?entry=ttu&g_ep=EgoyMDI2MDQyOS4wIKXMDSoASAFQAw%3D%3D",2124434304,@centrumgym,no respondieron ,,"Baños, Seguridad, Lockers, Duchas , vestidores, Cafetería, Sauna, Estacionamiento","Entrenamiento Funcional, Levantamiento de pesas, Yoga, CrossFit, Spinning, Zumba, Boxeo, Baile terapia, Musculación","Lun-Vie 6am a 9pm, sabados y feriados 8am a 4pm",4.6/5,https://lh3.googleusercontent.com/gps-cs-s/APNQkAF2N1QtBo4zwqnfA1KV0YYP0r4Qg89lSVDLP9ZMXDtZh1N-mEjP-SwQSf1BPktmjZCgqhPZ6CObhB7iRv2oJkYrvxxouZH6fRjj-tqqx0DWRUKfLWCejXUh6MtqtuQPgA3R528gdA=s680-w680-h510-rw. https://lh3.googleusercontent.com/gps-cs-s/APNQkAEROZRCAJorwkT8-VSwprzv-NYN-Q8yUyYgtFHQSysD_yF1YlCFowQqa7eyYp3CIad0pP0xqZV1_xH2Nz3Z2H-NfIzvswJkMdIb7NkhzOySKPQ9wsfgZwKZPTVHfSsNKCnznSJi=s680-w680-h510-rw,,,,
Ironbodies gym ,Paraiso,Entrenamiento de musculacion ,https://maps.app.goo.gl/5pzBZGAovBj5TAMr5,4125815121,@ironbodies_gym,"inscripcion 5€ , mensualidad 30€",plan pareja 25$ c/u,"Estacionamiento, Duchas , Baños, vestidores, Lockers","Entrenamiento Funcional, Levantamiento de pesas","Lun-Vie 6am a 9pm , sabados de 8m a 2pm ",4.2/5,https://encrypted-tbn0.gstatic.com/images?q=tbn:ANd9GcSp6qU9KdCCVtNzTvsWSSjr0kQQ9ZIRVukf5g&s,,,,
Fitness center VIP,Altamira ,Gimnasio Integral / Fitness Center.,https://maps.app.goo.gl/DU3Txg2Px8BBnDTy6,2122634185,@vipfitnessc,no respondieron ,,"Estacionamiento, Duchas , vestidores, Seguridad, Entrenamiento personal, Baños, Lockers","Levantamiento de pesas, Entrenamiento Funcional, CrossFit, Boxeo",Lun-Vie 6am a 9pm ,4.2/5,https://lh3.googleusercontent.com/gps-cs-s/APNQkAG9jif9W32upnvcldNvWyfygMPzFxAfWsbFfz099TAJ8-s9dP4zjwVeqQpaWAxzs_cxYPdx5WpVnyq0ed83UXIWBBTjXfbd8vP4a0bWE5QfN7MOXUdYdz7PDsh9L6AyrEo15qmPRw=s680-w680-h510-rw,,,,
Elevate ,Las Mercedes (Baruta),Entrenamiento de musculacion ,https://maps.app.goo.gl/MCx7V28c3wSnyxR3A,4226343556,@ccs_elevate,,"plan elevate express 65€ 3 dias por semana , plan elavate bassic 85€ 4 dias por semana , plan elevate fit 120€ , plan elevate 220€ , ´plan pareja fit 220€ (por pareja), plan pareja elavate 400€ (por pareja), plan estudiantil 100€, plan elevate grupal 500€ minimo 5 personas 100€ c/u.","Estacionamiento, Duchas , Lockers, Terraza, Asesoría nutricional, Seguridad, Valet parking, Baños","Entrenamiento Funcional, Levantamiento de pesas, Yoga, Pilates","Lun-Vie 24/7, sabados hasta 9pm ",5/5,https://encrypted-tbn0.gstatic.com/images?q=tbn:ANd9GcTIqXJ8rxBaVPxVfc9WVZd9pS81w3Mj_xO2nQ&s,,,,
Tennis shop gym ,Santa monica,Entrenamiento de musculacion ,https://maps.app.goo.gl/4xRdJXHJjEBJMM4Q6,2126684266,@tennisshop.gym,inscripcion 20,"plan mensual limitado 130$, plan matutino 90$, plan vespertino 90$, plan estudiantil 65$ de 14 a 21 años, plan weekend 60$.","Estacionamiento, Duchas , Lockers, Cafetería, vestidores, Seguridad, Baños, Fisioterapia, Asesoría nutricional","Entrenamiento Funcional, Levantamiento de pesas, CrossFit, Spinning, Musculación","Lun-Mie 6am a 9pm, jue-Vie 6am a 8pm, sabdos 8am a 2pm y domingos 9am a 1pm",4.3/5,https://lh3.googleusercontent.com/gps-cs-s/APNQkAHlDDlVCI27tEf9J5tB4EZU00M93G6vv679Kkp3i-xq5WkPM748285EB0dmQlvdG0eGVlduW5UklTgwMbbODqbjMVkHRuglu9ajpyUrThlr2jA7wmukzAG_7OJBd1QGzeYcpAS6Mw=s680-w680-h510-rw. https://lh3.googleusercontent.com/gps-cs-s/APNQkAECgy69DNyxXNPtdOvVg1FV2bwkE3N2cakaj2A61_908mu5817Hsr35WF-YCOOC3SuXdZ7GTH-2k0BVSCk8saEA6fB1LZns7z7COStuYKMz6JzJVc4Uh7VsfcltNWpz1N7CV2IweA=s680-w680-h510-rw,,,,
Retraining,Las Mercedes (Baruta),entrenamiento de musculacion ,https://maps.app.goo.gl/FASL5bFEeKJvyYgk6,2129934584,@retrainingstudiocaracas,inscripcion gratis,"plan full horario 125$, plan R3 105$ 3 dias a la semana , plan medio dia de 11 a 3 pm 65$, plan familiar 115$ c/u","Estacionamiento, Duchas , Lockers, Cafetería, vestidores, Baños","Spinning, Entrenamiento Funcional, Levantamiento de pesas, CrossFit","Lun-Vie 6am a 9pm , sabados y feriados 8:30am a 1pm ",4.6/5,https://lh3.googleusercontent.com/p/AF1QipN4UBb79zmk-vjR6GLK849NYtaqZhVdRPxeN9zA=s680-w680-h510-rw. https://lh3.googleusercontent.com/p/AF1QipNfLAZEpg3xGMS98rFuM1TYe76FiFrN2UQDD4hA=s680-w680-h510-rw,,,,
Top training,Los ruices ,Gimnasio Integral .,https://maps.app.goo.gl/iLKy9Xicv9BGjGk27,4129351500,@toptrainingvzla,"trimestral 95$, anual 295$","plan +70 25$, plan estudiantil 25$ , plan top training 35$, plan integral 55$","Estacionamiento, Duchas , Lockers, vestidores, Baños, Entrenamiento personal","Spinning, Entrenamiento Funcional, Levantamiento de pesas, Yoga, Musculación, Baile terapia","Lun- Vie 6am a 9pm, sabados 8am a 4pm ",4.5/5,https://lh3.googleusercontent.com/gps-cs-s/APNQkAGDNC-xzmN08J5PclxtVZ49J2PEwD-fl89JMurbG2BPjt61uO7_VvXXhpCKBINVtjM7hjlmsQKiWQHHcuMdbFCR3zVnEqtDKToJAJHKdjoqwo2AMnPOMPTmFaGeoFsCLo9fH0bc=s680-w680-h510-rw,,,,
Caracas gym boleita,Boleita ,Gimnasio Integral / Fitness Center.,https://maps.app.goo.gl/JoAcZg7KhZpRneSP6,4149120723,@ccs.gymboleita,,"plan black 70$ mensual, plan silver 80$ mesual ","Estacionamiento, Lockers, Duchas , Cafetería, vestidores, Seguridad, Baños","Entrenamiento Funcional, Levantamiento de pesas, Yoga, Spinning, Boxeo, Baile terapia","Lun-Vie 6am  a 9pm, sabados 9am a 3pm",5/5,https://encrypted-tbn0.gstatic.com/images?q=tbn:ANd9GcRL9KiihNXI0ROQicxlvOmbQz1__jHE93W24w&s. https://encrypted-tbn0.gstatic.com/images?q=tbn:ANd9GcTogfBngpSCqZ0PUgA3c0EK3CQACVB_XyBMTg&s,,,,
707 gym ,Santa paula ,Entrenamiento de musculacion ,https://share.google/RLDDSw7osInU8FTXL,4242426886,@tbagym_,"inscripcion 25$, 1 clase 15$","plan 20 clases 120$, 15 clases 105$, 10 clases 80$, 5 clases 50$, plan open box 20 clases 150$, plan open box 10 clases 100$.","Estacionamiento, Duchas , Lockers, Baños","Calistenia, Entrenamiento Funcional, Levantamiento de pesas, CrossFit, Musculación",Lun-Vie 7am a 8pm,4.9/5,https://lh3.googleusercontent.com/p/AF1QipP-btH-XiOjiVkSymWj37ioZC6nNo-SzLx6bv9w=s680-w680-h510-rw,,,,
Fit club,Las Mercedes (Baruta),Gimnasio integral ,https://maps.app.goo.gl/AZbt2568xyeXSFwz9,4122566323,@fitclubcaracas,"diario 18$, semanal 54$, mensual 150$, anual 110 mensual","corporativo 130$ , plan familiar 120$, juventud prolongada 120$, ","Duchas , Estacionamiento, Lockers, Sauna, Seguridad, Valet parking, Baños, vestidores","Cycling, Spinning, Pilates, Yoga, Boxeo, Zumba, Baile terapia, Entrenamiento Funcional, Levantamiento de pesas, Musculación","Lun- Vie 6am a 9pm, sabados 8am a 4pm ",4.3/5,https://lh3.googleusercontent.com/p/AF1QipMkrNoiMPfeFmVfQLD7KCJuo7UXMBdoBPnKNuk4=s680-w680-h510-rw. https://lh3.googleusercontent.com/p/AF1QipMj72EXBGtXDVaDKB6t7bfQrXBz5fygXOM0swgo=s680-w680-h510-rw,,,,
Yoga caracas,Los Palos Grandes (Chacao).,Yoga,Yoga Caracas,4128820121,@yogacaracas,"1 clase 20$, 5 clases 80$, 8 clases 120$","Ilimitado 160$, ilimitado AM solamente 130$","Terraza, Baños",Yoga,,5/5,"https://lh3.googleusercontent.com/gps-cs-s  /APNQkAFMV82ezmeEy1imGDnIkoE8seGuiX_BiBYFaXPtn8apZbtriapPqCyWRnR0iB3d9NLv3pXuwbRNne4cAuM0ElFX2qqoODUfIN8qk7FP2v8aLJJ9DSVW-H_XXheqYm3FTqcP0mkUkv_LRZn6=s1360-w1360-h1020-rw  ,  https://lh3.googleusercontent.com/gps-cs-s/APNQkAGUc9XITdGR3qvwfOgRnSa9YeMItMILiq_taMYdjYRWT0evnY76VM-7SHZelFxehx9BjyUdt4V2YzCsneUZnTToXbqts6SsZJasSgIFWbHIt3L02u7fuDye9Zo68c6SBhdMcNYqOaVagmJ0=s1360-w1360-h1020-rw",,,,
Alma yoga caracas,La Castellana,Yoga/pilates,Casablanca,412-6355539,@alma.yogacaracas,,,"Cafetería, Estacionamiento, Baños, Entrenamiento personal","Yoga, Pilates","Lun-Vie de 7am a 9pm, sab de 10am a 9pm",4.9/5,"https://lh3.googleusercontent.com/gps-cs-s/APNQkAF54zGiB7cICk7YJDTnWSFy8Lyw9tzeThPca7Z-bjtSU1nIlWIOwvoH6l2r1lS8wQUmTreBiz-tw-_z9cYWMWXPs-TyuwSkIvOowcVzWmWzQkP0OiVLtQESLw3X2pHnyzHttH8=s1360-w1360-h1020-rw,  https://lh3.googleusercontent.com/p/AF1QipOjpeCuULFmpS310ufU_wQNzNxnBC44h8c9lrUs=s1360-w1360-h1020-rw,  ",,,,
The place,Chuao,Yoga/brunch,https://maps.app.goo.gl/3yzFcd6NvkV7bNT2A,412-9992163,@theplaceccs,,,"Estacionamiento, Cafetería, Terraza, Baños","Yoga, Meditación","Lun-Vie de 7:30 a 10pm , sab de 8am a 10pm",4.9/5,"https://lh3.googleusercontent.com/gps-cs-s/APNQkAE_BwrIXTjmOrpcyY4J_Tw7TAwHUauoW1kQRmeHsodr48ytudfGS2t1z6bPkvR2AuLjdlixLs-2ncLzbXB_90_CLtysLrEtvsnLiJ49Q_1Rp07fBJHhvNhz7hpBAoLq66Gb87Yf=s1360-w1360-h1020-rw, https://lh3.googleusercontent.com/p/AF1QipOu1F7t8mvj3xUB2PR5_Dmfe6PsTPkt3uqhiLDR=s1360-w1360-h1020-rw",,,,
Urban yoga ,La Candelaria (Libertador).,Yoga,https://maps.app.goo.gl/Ep415iRjad5nCu767,4125897585,@urbanyoga_ccs,,,Entrenamiento personal,Yoga,,4.9/5,https://lh3.googleusercontent.com/gps-cs-s/APNQkAH9SLZ3zNAuAuJQJQXwL-sPTQ89MZXUGSXq8dREdoP0w1DTFNuI7W_JBoXr5Gjaoz1LaD5g3OfTBI3T-XKzaO2OYVrUEZv56Fy8DCxQVZ8m6dCfMREfghsoxGBUUCrKxuciQTKVWQ=s220-w165-h220-n-k-no,,,, 
Nirvana ccs,Los campitos,Yoga/Telas acrobaticas ,https://maps.app.goo.gl/KiHWkazWkCzaM3AZA,4120403287,@nirvana_ccs,,,"Estacionamiento, Terraza, Entrenamiento personal","Yoga, Tela acrobatica, Pilates",,5/5,"https://lh3.googleusercontent.com/gps-cs-s/APNQkAFCcNcSel-Vqp-aH_RH31ITWNAK-uYF2Lyce4PuCBZpIm2Vpw4IT5CU2lsP3ez7Ru5zOkXp74Irpdxvjf_7f-Tv2dipMIM74h0lPgxJ7LJjF6Y8Jfi7xR7yT1HdmN6V1UT2XrWq=s220-w165-h220-n-k-no, https://lh3.googleusercontent.com/gps-cs-s/APNQkAELGQdOcls6BYFibsXiyveIrnF5NNV3TyKYHQqPqJK-tCQlwiLMQrJsdFEAseF-CaSUvd5KEYJwniAYGMFbj_ODYiDIostsWE2T25V-Fg_0ZR0qijqmnPF1hhoMwLtqwGqKLG7n=s220-w165-h220-n-k-no , https://lh3.googleusercontent.com/gps-cs-s/APNQkAFj6pIo9PNWN_vBg7FFpTRtgaE3_jcP_1_8Etuavn7mqW2UMli6Czbsb5Xy__CK-TZpWeT3B-ib7PhB46d548s5gZt0itUMinZax0Qt-kPitAl04hVzEoUmoA55CzjCcnI4c1XE=s220-w165-h220-n-k-no ",,,,
Kpaz pilates studio,El rosal av sorocaima,Pilates,https://maps.app.goo.gl/pVCGVMTkNGL79SZg6,4143144991,"@kpazpilates
",1 sesion 25$ (1clase),"Plan basico 80$ al mes (4 clases),  plan activo 150$ al mes (8 clases), Plan intensivo 180$ al mes (12 clases)","Fisioterapia, Estacionamiento, Baños",Pilates,"Lun-Vie de 7am a 7pm,  Sabado de 8am a 2pm,  Dom cerrado",5/5,https://lh3.googleusercontent.com/gps-cs-s/APNQkAGKW9Or7qOiz3yd5erDXG3G-T58lmxltKz7LjifE2_8_xBqcvtZ_RLMfgXte-J-y7EhjLl9lriNKLxq5j4cFeiogHQwrCszkB2BiqsjaCHo7DiUD2JglHOskUrulwj4g5Qx8Hg6zOvLtksX=s1360-w1360-h1020-rw ,,,,
Ananda pilates,"El cafetal, Cc plaza las americas",Pilates,Ananda Pilates C.A,4164383433,@ananda.pilates,,,Estacionamiento,Pilates,Lun-Sab de 7am a 9pm,5/5,https://lh3.googleusercontent.com/p/AF1QipMYcjrWdStH5WClMU7DKgtO5kMh56zb9xcHPB25=w461-h200-n-k-no-nu,,,,
Club pilates ccs,La boyera,Pilates,Club Pilates CCS,4142224172,@clubpilatesccs,,,"Estacionamiento, Entrenamiento personal",Pilates,Lun-vie de 7:30am a 11pm ,5/5,"https://lh3.googleusercontent.com/gps-cs-s/APNQkAEUZAHvp18gag1-Bkb7k7Ncp-PoXGAiudBnaJhyKbZGMKhUDDOADuaDuCu9d61AHWiyz3XTUGlgm9KMoNYB2EAcadROtbb1sx5LGtUrMFlGOMVRAaDvRnUA7MaB_tlkEkLrzVweU56PUiQ=s1360-w1360-h1020-rw , https://lh3.googleusercontent.com/gps-cs-s/APNQkAGXUjmdJeKbrz3v9LdmnQG1KOt9D7-ys9aZdiC-Ns9Ss7kN0d_YYnFX8zjgw4NHB-7U1FyKI0mK-hIBYtv1fQF9fg0vL5pZyooEONlGELZc1I3b8ADDbkAnNyk1DFV_juOobYiXLKbvXPGe=s1360-w1360-h1020-rw",,,,
Vizcaya studio,Caurimare ,Pilates,Caurimare Mall,4122874534,@vizcayastudiopilates,Clase de prueba 5$,,Estacionamiento,Pilates,"Lun-Vie de 7am a 7pm, Sab de 9am a 11am",5/5,"https://lh3.googleusercontent.com/gps-cs-s/APNQkAE7DFUhAvyvyLPwR4R-Y-IrVycmAMNyLItK77z3pRNUCpJK2FLkBKYWUT2EsWYrCDQppmaNONx0HoGlCcT16bved7WZnCy1J6P-8bYrNLch42jnllVNv_OJyx7bRLYatbya0bwAUPcCKxOj=s220-w165-h220-n-k-no https://lh3.googleusercontent.com/p/AF1QipOZQVTHZIqTZ2ukjViTb4BeIpX17QJix1ZARHHv=s1360-w1360-h1020-rw , https://lh3.googleusercontent.com/p/AF1QipMtRR7dmwiVzIaYIJd5moNHSkc2JXKrzKQ4jGpb=s1360-w1360-h1020-rw, ",,,,
Pilates total control,Los Palos Grandes (Chacao).,Pilates,Pilates Total Control,4142228674,@pilatestotalcontrol,"Inscripcion 10$, clase 15$","8 clases 120$, 12 clases 150$, 16 clases 200$, clase privada 35$",Estacionamiento,Pilates,Lun-Vie de 7am a 6pm,5/5,"https://lh3.googleusercontent.com/gps-cs-s/APNQkAEgbi9w4xOYlC8Z57q1zcKw5ZkmdaAj5IBQXKQgCW-QEBaw3LAD-uUMJYkqKrALxvOlwbCUF4z30zPtmaPg3UaMudadZNPPpyRZgCsB4G2i9e-qHlmb66_5-3ugl_ZxQpgJTogO=s220-w165-h220-n-k-no , https://lh3.googleusercontent.com/p/AF1QipNq0hEnvuPHtY_2MwXXN9fIED9a-Jy5QtRo_dax=w229-h164-n-k-no-nu",,,,
Vive pilates studio,Cerro Verde ,Pilates,VIVE pilates studio,412-9046224,@vivepilates.ccs,"Clases ilimitadas 250$, 12 clases 160$, 8 clases 120$, 6 clases 90$","Clases privadas, 12 clases 360$, 8 clases 280$, 6 clases 240$","Terraza, Estacionamiento",Pilates,Lun-Sab de 6:30am a 7pm. Dom cerrado,5/5,https://lh3.googleusercontent.com/gps-cs-s/APNQkAEs1485kqnaISeueLH2Nxvrd74yDTSuMidAkni9c8srmSJJeAfZjce4mq_0SytWgYRvjpasLvgxDwo1Y-yVV0Ms4H40yeAVhNWwIRec21fEF57MM8y39vQNqLRF7JtJDIT9bpaVd-kB_CG3=s1360-w1360-h1020-rw ,,,,
212 studio pilates,altamira,Pilates,212 Studio Ccs,4242331711,@212studiccs,,,"Terraza, Estacionamiento","Pilates, Pole fitness, TRX",,4.5/5,https://lh3.googleusercontent.com/gps-cs-s/APNQkAGMgpYj1NUWvM6_IvxZvbPdnJxWo1d72H0YKYMjbyYUylVf9Vtu6l_gwKHctm7FNLt3x0Z9a19XEZ9qEynLAuapqo6uMa1i8RLJBNSmwINg4QJ75nac_uLla8COBhvoSJroXk9c=s1360-w1360-h1020-rw,,,,
Xtremebike Zone,Vizcaya caracas,Xtreme bike,Xtremebike Zone,4126026488,@xtremebikezone,,,"Terraza, Lockers, Estacionamiento, Baños","Spinning, Cycling",,5/5,https://lh3.googleusercontent.com/gps-cs-s/APNQkAH1xeu39_obchrzWUPNRaQxNBQVxqR4sDYvhT6eQzTzieUch4dNBKfnmfOlkEaZBwuXKj6t0CYE2oYsDdrXFVIL3cD7dcU_DrHzAlgkpZp_LRtSJAR4AsH_msRkHTqk0yppUNJE4w=s1360-w1360-h1020-rw,,,,
Studio bike,C.c prados del este ccs,Xtreme bike,Studio Bike Ccs,4142826964,@studiobikeccs,,,Estacionamiento,"Cycling, Xtremebike, Spinning","Lun-Vie de 6:30am a 7:30pm, Sab de 8am a 3pm, dom cerrado",5/5,"https://lh3.googleusercontent.com/gps-cs-s/APNQkAFdO_rbJ04_-lVXWPeTJOxcsFa_k-g8I-42LQj_noyewTRHHsMi41XLP8kmgxqz-u7RlNbYmYOYjPDUpjB162GcoN2X0po913ilToA5dDYoaj4crv5zLEfBHjOL7c-mbzPlDPJoeQ=s1360-w1360-h1020-rw , https://lh3.googleusercontent.com/gps-cs-s/APNQkAE4xmuo9Ko4ydj4qEJLHyNzJPitkZ_cdSDUBpxdM1lU8TTmbjNJtWnCC-a6XJ3AKXkvBk9UCfHEWnrPBmQgbcKgJJTncjUWzzFgiZvE1SXKPg5J5C1RLYoa3SHGO7r7ny38n7ZkVg=s1360-w1360-h1020-rw",,,,
Indoobikecenter,El paraiso,Spinning,Indoor Bike Center La Paz,4143979151,indoorbikecenter,,,Estacionamiento,Cycling,Lun-sab de 7am a 8pm. Dom cerrado,4.7/5,"https://lh3.googleusercontent.com/gps-cs-s/APNQkAE3MAe-Tc4A7PHi520os4FLioVN0If0BO8AyBsNqZoHm4L0xRQD1kBo1SyzZ5ck-EVFGsHZLMiHcw0xN4U6pJB-hZ3o2OHfJCKLjXlQoV6U3Lfj33YXdOhDYcR1K-zsPOHspVtv=s1360-w1360-h1020-rw , https://lh3.googleusercontent.com/gps-cs-s/APNQkAGMvAgcensZY04fO_Wfbuza-svi1X3IMVH5d1OWLShjrO2z1IEMhgGTsKHyWW-nAhTJKSRnLwLy9upDfJnn-BfcW6SVqoSiW2Pzcbe3OlNJ0dNAfTXXoxjYEzZ2DIlkO03J9HCK2Q=s1360-w1360-h1020-rw",,,,
Top training,Los ruices ,Ciclismo y clases multiples,Top Training,4129351500,@toptrainingvzla,,,"Baños, Cafetería, Lockers","Kickboxing, Zumba, Yoga, TRX, MMA","Lun-Vie de 6am a 9pm, Sab de 8am a 4pm, Dom cerrados",4.5/5,https://lh3.googleusercontent.com/gps-cs-s/APNQkAEjhoJm1d8ycN2BB-CGnMHk5YOurBzCddocZ1Ri4Gkwe10gRHLtZeRisp0eUs3Pe0ZcRMenM_UUMqJJ04SMDG8EcdABJ3F5MTgfXgtp8etrAS1wkZ9hXxi9t96Znlla-vwaJ1NA8w=s1360-w1360-h1020-rw,,,,
Ride bike studio,El rosal y Prados del este,Training bike,Ride a Bike Studio,4129679671,@rideabikeccs,,,"Baños, Cafetería, Estacionamiento","Cycling, Xtremebike","Lun-Vie de 7:30am a 8pm, Sab, de 9am a 1pm, Dom cerrado",5/5,"https://lh3.googleusercontent.com/gps-cs-s/APNQkAEqVgzPwCeQ8IIJidgmxSr1wwSA1NUyrVEUL4vul5GSW1XA4oQaSExdlDalMlgjuu3Pb2rwHQd_o7MGAvBwyo6f982dPMaCe8HvXihvfYib3VeM5_EeqMOlM2VoEU0ulVIUh0yoC1EybgOz=s1360-w1360-h1020-rw , https://lh3.googleusercontent.com/gps-cs-s/APNQkAEMFhEcW0wmoe-_umtAYvgKifIO44xGnoKCg74PraGebfSEenMt4XkK20gOlAWvn1ask4TAR8zZKGu-GPWjxXVdQ6ZnJY_i5iO57OKOPJq9km5mvy_xlRShtKdCTqsdSXIhp_LdJVuvNChV=s1360-w1360-h1020-rwhttps://lh3.googleusercontent.com/gps-cs-s/APNQkAEMFhEcW0wmoe-_umtAYvgKifIO44xGnoKCg74PraGebfSEenMt4XkK20gOlAWvn1ask4TAR8zZKGu-GPWjxXVdQ6ZnJY_i5iO57OKOPJq9km5mvy_xlRShtKdCTqsdSXIhp_LdJVuvNChV=s1360-w1360-h1020-rwhttps://lh3.googleusercontent.com/gps-cs-s/APNQkAEMFhEcW0wmoe-_umtAYvgKifIO44xGnoKCg74PraGebfSEenMt4XkK20gOlAWvn1ask4TAR8zZKGu-GPWjxXVdQ6ZnJY_i5iO57OKOPJq9km5mvy_xlRShtKdCTqsdSXIhp_LdJVuvNChV=s1360-w1360-h1020-rwhttps://lh3.googleusercontent.com/gps-cs-s/APNQkAEMFhEcW0wmoe-_umtAYvgKifIO44xGnoKCg74PraGebfSEenMt4XkK20gOlAWvn1ask4TAR8zZKGu-GPWjxXVdQ6ZnJY_i5iO57OKOPJq9km5mvy_xlRShtKdCTqsdSXIhp_LdJVuvNChV=s1360-w1360-h1020-rwhttps://lh3.googleusercontent.com/gps-cs-s/APNQkAEMFhEcW0wmoe-_umtAYvgKifIO44xGnoKCg74PraGebfSEenMt4XkK20gOlAWvn1ask4TAR8zZKGu-GPWjxXVdQ6ZnJY_i5iO57OKOPJq9km5mvy_xlRShtKdCTqsdSXIhp_LdJVuvNChV=s1360-w1360-h1020-rw",,,,
Ccs padel club,Los palos Grandes (Chacao).,Club deportivo,CCS PADEL CLUB,4126445168,@ccspadelclub,,,"Baños, Cafetería, Estacionamiento",Padel,,4.7/5,"https://lh3.googleusercontent.com/gps-cs-s/APNQkAE_5Apgh92ncK8MXSattrz6IL1J0ihieN51QbVlVYci_W2FHVZQ2mtXaHr99HswGGNc3JuAQZtfmH-_wwyZ0HjNeb4jDJOCd_aFkRrAqbaOR3VIpMVy6VHm8QMdRCbkI6_71xo6=s1360-w1360-h1020-rw , https://lh3.googleusercontent.com/gps-cs-s/APNQkAE2-fOkZiZ24D--FoT2FEiY0Vym1Unw-dxq0J2RdBzdMacqztDwUr9UtOaFP2_BOOmrN4WyZPkCQCb-cVWQ3EVto7XJ_RF2NSQS-BO8SkokehHFyKDgEZRDtJMRUzq8XSHTrRWV=s1360-w1360-h1020-rw , ",,,,
Black padel,La carlota,Club deportivo,Black Padel,4142669227,@blackpadel.ve,,,"Estacionamiento, Baños",Padel,,4.1/5,https://lh3.googleusercontent.com/gps-cs-s/APNQkAHOITwzbFUKRB9iQxYwtnwJda-yKNpsFxIKxu-wCfl20UnPjKWZ5Q-AYcHSqWt6ELXsWPGsHUrNlNtdg-2v0ouVyptuS0JcHI1mcn_49tE2iPqlmKY2pW24WjnzbFDqXTe84NtQ=w408-h544-k-no,,,,
Capital sports Padel Center,Santa fe y Hotel Eurobuilding,Club deportivo,Capital Sports Padel Center,4241251280,@cspadelcenter,,,Baños,Padel,Lun-Vie de 7am a 11pm. sab y dom de 9am a 7pm,4.8/5,https://lh3.googleusercontent.com/gps-cs-s/APNQkAG1Csp85LsVsBwHLQC7PUCtcxnBNvd3jZJz8B3lCabFBDhS8hfqu2rERLwh4VsOcyDGM5-AomHS9NkGkP4zZ8VtKRkF3AqvsxOl6BCjejwgvpD1g-ZD3IzBgPLdoOMZ7V8a6gqBOg=w426-h240-k-no,,,,
Modo pilates,Terrazas del club hipico / Baruta,Pilates,"10° 26' 48.4926"" N 66° 52' 14.525"" W",4149280102,@modopilatestudio,"Clase de prueba GRATIS, 1 clase 15$,  4 Sesiones 50$,  8 Sesiones 85$, 12 Sesiones 105$, 20 Sesiones 140$, ",Clase privada 28$,"Estacionamiento, Baños","Yoga, Pilates","Lun-Jue de 8am a 7pm, Vie de 8am a 12pm, Sab de 9am a 12pm , Dom cerrados",No disponible,No hay ,,,,
The theaser pilates studio,Las Mercedes (Baruta),Pilates,The Teaser Pilates Studio,4241680611,,,"4 clases al mes 80$,  8 clases al mes 130$",,,,4/5,https://lh3.googleusercontent.com/gps-cs-s/APNQkAFBM8FSUElThy4sSmK5C6oeOWjpUwjSKU0kwBi_YaPz3ep8SZYw8rf-52rjS9jhFRAa_Eflz8szxMN8Hay1NRnjMjZxhgWXQa_q9hpDrsdEf2ySQVC2cfpEfjZhlT8Rd5CRgtA=w408-h505-k-no,,,,
Equilibrio Pilates,La tahona,Pilates,Equilibrio Pilates Studio,4122443030,@equilibriopilatesvzla,,,"Baños, Estacionamiento",Pilates,,5/5,"https://lh3.googleusercontent.com/gps-cs-s/APNQkAH3pWG8RpHWO-l1xUHFKBn8Z0Ks800HP-X4u2s7sBoERkotQ6CTRgXGk4Xjvy4T1ODb9cHXkwiV6GpqPP-p4xxqEO6jujloeUL7mJCnFsjweevcAhuH0ifQDd6BrckYeCKuEpi1toRnXuI2=w408-h306-k-no , ",,,,
Tropical shala hot studio,Prados del Este,Yoga ,Tropical Shala l Hot Yoga Studio,4242007433,@tropicalshala,,,"Baños, Estacionamiento","Yoga, Pilates",,5/5,https://lh3.googleusercontent.com/gps-cs-s/APNQkAFIsJr7hogGfgaXXRERhijz7VvoqrPZMshCyrwXhEpvPypT_K6sbZWIYZ1nYErERt786KzBZQ_BvX2delbKggEJQHyilvBfnJlrTp7s1J4sahzdbZDZEqIT3CDMwEjOAcGRkD5j=w408-h518-k-no,,,,
Zona pilates,los palos Grandes (Chacao).,Pilates,Zona pilates,No hay,@zonapilatesplus,,,"Sala de estar, Estacionamiento",Pilates,,1/5,https://lh3.googleusercontent.com/gps-cs-s/APNQkAGLso4xRYrZ9wnX432OChamvr47pP0Q3vqQhTROaqPe3eT5uKNuoMYmxLMLRDPBOe3J5W_Y_07CzL_6HPfbyYIcNp4X2whKBv-6RD6B9SiudEv6qEj6PbA90RMNDO2xDLMIzaQcYmHQRl2j=w461-h200-n-k-no-nu,,,,
Cenit fitness,Terrazas del club hipico / Baruta,Crossfit,Cenit Fitness,4129093949,@cenit_fitness,,,Estacionamiento,"CrossFit, Calistenia, Yoga, Pilates, Karate","Lun-Vie de 6am a 10pm, sab de  8am a 3pm, dom cerrado",5/5,https://lh3.googleusercontent.com/gps-cs-s/APNQkAE2ZJfou2Q26zoeD2dcpK_0vcOkURwbOWzpgpX86XXm0dxKj1KnF4UI9aWOkVmaKgKD2N-Kf6dBjlms-gQssfBZO-Ui5r5rJku8uC6If4_EiFUlN-sIAKzwNuTA5_iWZ4J2ZLmU8m1k9qxR=w428-h240-k-no,,,,
Speck corssfit ccs,"Chacao, C.c San ignacio",Crossfit,Speck Crossfit CCS,4142196538,@speckcrossfit.ccs,,,"Estacionamiento, Lockers, Baños","Entrenamiento Funcional, Levantamiento de pesas, CrossFit, Yoga","Lun-Vie de 6am a 9pm, sab de  8am a 1pm, dom de 9am a 1pm",4.7/5,https://lh3.googleusercontent.com/gps-cs-s/APNQkAEfD6b8ClykRO1OQFydzHJTVhGcVXaSeZ8wu6KdoolCVF9cZNh882fnDmkJHiwoBb25swCDt6WR4wvbb1HmIQAKGADJQplSROD8Q6LfihNowWesNuzGmyt__7oinGBFpW0wNDjwHg=s1360-w1360-h1020-rw https://lh3.googleusercontent.com/gps-cs-s/APNQkAGc-mANF-3QoDt0Hdt9EvwL8IatJbhdf6indOt2FcUVjC1uEXPQMbPjWOga-Rt7dKrV9GKmci2jgeZyoiBU9tzccgu5Bno9JlrvfokA4QlAljk-J-LYTm82Wp7RELBWSJJaiwLT=s1360-w1360-h1020-rw,,,,
Caracas box crossfit,La floresta,Crossfit,Caracas Box Crossfit,4128597864,@caracasbox_crossfit,,,"Entrenamiento personal, Asesoría nutricional","fisioterapia, Entrenamiento Funcional, Psicologia, Levantamiento de pesas, CrossFit","Lun-vie de 6am a 8pm, sab de 8am a 12pm, dom cerrado",5/5,https://lh3.googleusercontent.com/gps-cs-s/APNQkAF1-H8H6NCaeaBR2ETyCm1bZsauQ_B3IN8E6S2OBifNYGecRivmaWRWu-sKXrVaLAK0CrjvPn6dNzMLtiiu_MCv_Wz1-rEqh1XewR8ql4sOZemWpvdFSRyV3zCwkkJwh6Ll91W-gW_sY_rf=w408-h544-k-no,,,,
Retraining studio caracas,Las Mercedes (Baruta),Crossfit,Retraining Studio Caracas,2129934584,@retrainingstudiocaracas,,,"Valet parking, Lockers, Entrenamiento personal","CrossFit, Entrenamiento Funcional, Levantamiento de pesas","Lun-Vie de 6am a 9pm, sab de  8am a 1pm, dom cerrado",4.6/5,https://lh3.googleusercontent.com/gps-cs-s/APNQkAFYbzIcQsP5ZwrJToNYYedFo9pAwuXnBCR8gln1RiO_rmYYtncvPqEIRQ_CrXJXR47Aguv5pp8rJh_iiEdQ4Yp9b6EWRHg1HCJtLLkyAv-2l_ijLI1-0FDlr6Dm4uBRfqeUBUsz=w408-h462-k-no,,,,
Crossfit 58,Los samanes,Crossfit,Crossfit 58,,@crossfit58,,,Estacionamiento,CrossFit,,,https://lh3.googleusercontent.com/gps-cs-s/APNQkAEaSpg2EXtkXVYs8SsD2lRu3ebmz0g865H-MOEAxyzs243-_B3PUl0HIDGPgDLFWBNLrU46hN0PIeOtk4fbsT8aDR_aRf5cDgtMGolkm-DeoY0pYxkzPv7KjV-DAKl_UKL04NU6HQ=w408-h544-k-no,,,,
Fenix fitness,Av andres bello,Crossfit,"Fénix Fitness Center, C.A",4242026390,@fenixfcenter,,,"Asesoría nutricional, Fisioterapia, Cafetería, Entrenamiento personal, Estacionamiento","Yoga, CrossFit, fisioterapia, Entrenamiento Funcional","Lun-Vie de 6am a 8pm, Sab de 6am a 2pm, Dom cerrado",4.8/5,https://lh3.googleusercontent.com/gps-cs-s/APNQkAG4-bhum5TXIA2133aW3-3JoE6vp1JoK6ue413emyEuFL08Y_sgW6wKbbzA9FeBdBZ0RxolHwar8C4BFM9MUkFsQZVb4LqQ0VCRa_cBUGeo7voGIHq2Z5w7eT2oFczS9OFxSPhgkgzcxABR=s1360-w1360-h1020-rw,,,,
Galpon 7,Calle La florencia,Crossfit,Galpon7 Crossfit Box,4127048921,,,,Estacionamiento,"CrossFit, Entrenamiento Funcional, Levantamiento de pesas","Lun-Vie de 6am a 8pm, Sab de 8am a 12pm, Dom cerrado",5/5,https://lh3.googleusercontent.com/gps-cs-s/APNQkAHKXumcTd4oYj_d937hxLdllKZEoJ8SvmK__hibyNFhFRxJuP1lhCfOGQzG51mhg4b23AcQj9i9BrllIeocz0QP6SQVXuS5ISSvvFS_OnjiMNXc3X8pphODI8M1KluDDfzeFe73Lw=w408-h272-k-no,,,,
Nexus,Las mercedes, Gimnasio multiple,Nexus Training Studio,4242745897,@nexustrainingstudio,,,"spa, Muro de escaladas, vestidores, Sauna, Lockers, Cafetería, Estacionamiento, Valet parking, Seguridad, Baños, Duchas","Escalada, Spinning, Levantamiento de pesas",24 horas de lunes a domingo,4.4/5,https://lh3.googleusercontent.com/gps-cs-s/APNQkAFNSGhy_WMPO0Wlu1_4tXbukOT_9MkhoQrXpIO5YNGeO_s9-eFWK98fENnm8MQBEdlMFKMV411nZzn14eajGLbsKw3ido1nKhb9kXraPqd2QzxE1LZNJYXsa23npjZs94w7XaoKR-ExGXEO=w426-h240-k-no,,,,
Blue box,C.c galerias sebucan,Crossfit,Blue Box,4149179159,@cfbluebox,,,,,,,,,,,